Date,Ra,Rb,Rc,Rd,Re,Rf,Ea,Eb,Ec,Na,Nb,Nc,Nd,Ga,Gb,Gc,Ba,Bb,Bc,Bd,Be,Bf
2025-01-31,4280.444765,4280.444765,4424.686525,4424.686525,4587.071345,4587.071345,74.5736,73.8364,74.5736,16.5,19.5,22.5,19.5,27.9905,27.9905,28.5345,26.457513110645905,26.457513110645905,26.457513110645905,26.457513110645905,26.457513110645905,26.457513110645905
2025-02-28,4620.946372,4620.946372,4848.259332,4848.259332,5095.403572,5095.403572,65.348,64.702,65.348,0.0,0.0,0.0,0.0,23.051,23.051,23.499,27.397124112551563,27.522767633826902,27.242772889314978,26.504783376288916,26.513327417793516,26.50564312713065
2025-03-31,4985.582911,4985.582911,5425.240411,5425.240411,5884.409311,5884.409311,71.4984,70.7916,71.4984,27.5,32.5,37.5,32.5,25.3561,25.3561,25.8489,28.401170856570268,28.656002584420097,28.08657013034427,26.55933481818925,26.57773896471742,26.561186749790995
2025-04-30,5619.171984,5619.171984,6253.847184,6253.847184,6909.786384,6909.786384,79.9552,79.1648,79.9552,60.5,71.5,82.5,71.5,27.0026,27.0026,27.5274,29.340132472331746,29.711556014261674,28.87968394180091,26.614434711311624,26.642798094737085,26.61728879889551
2025-05-31,5891.550657,5891.550657,6709.148997,6709.148997,7548.122457,7548.122457,85.3368,84.4932,85.3368,88.0,104.0,120.0,104.0,31.9421,31.9421,32.5629,30.279819515306198,30.764269968280907,29.67697578201433,26.673856610269805,26.712960427751952,26.677791462409417
2025-06-30,5883.961032,5883.961032,6840.376632,6840.376632,7817.398632,7817.398632,77.6488,76.8812,77.6488,60.5,71.5,82.5,71.5,31.9421,31.9421,32.5629,31.16222612955303,31.7498091860658,30.428664355469685,26.733866389526813,26.783816899695772,26.7388926985797
2025-07-31,5876.460797,5876.460797,6767.217277,6767.217277,7681.504307,7681.504307,79.9552,79.1648,79.9552,104.5,123.5,142.5,123.5,33.2593,33.2593,33.9057,32.04853247396735,32.73704521248443,31.186381025149153,26.79857256336474,26.86021863367822,26.804775747281052
2025-08-31,5259.384881,5259.384881,6090.234481,6090.234481,6943.094081,6943.094081,80.724,79.926,80.724,66.0,78.0,90.0,78.0,36.8816,36.8816,37.5984,32.91097886907167,33.69536874908644,31.926119532973857,26.866132702711237,26.939990183872126,26.873564669370374
2025-09-30,4306.503258,4306.503258,4959.145458,4959.145458,5631.582258,5631.582258,75.3424,74.5976,75.3424,38.5,45.5,52.5,45.5,36.223,36.223,36.927,33.724611155510175,34.59751366510647,32.62602996573903,26.934343034101424,27.02052944750994,26.94301560918596
2025-10-31,4958.243335,4958.243335,5411.227735,5411.227735,5893.940515,5893.940515,74.5736,73.8364,74.5736,44.0,52.0,60.0,52.0,37.8695,37.8695,38.6055,34.54523836907054,35.50565726331355,33.33383533758534,27.007871052236116,27.107347563132944,27.017880953748218
2025-11-30,4355.17221,4355.17221,4635.35361,4635.35361,4945.08081,4945.08081,79.1864,78.4036,79.1864,5.5,6.5,7.5,6.5,44.4555,44.4555,45.3195,35.321245185380754,36.362917572304454,34.00478350474855,27.082092096610626,27.194983968623458,27.09345192930055
2025-12-31,4319.5524,4319.5524,4538.3628,4538.3628,4788.80808,4788.80808,79.1864,78.4036,79.1864,44.0,52.0,60.0,52.0,38.8574,38.8574,39.6126,36.10560147444334,37.22802063315843,34.684464075328755,27.162082998629998,27.289433126325278,27.17489770457707
2026-01-31,4749.865632,4749.865632,5017.64264,5017.64264,5321.423048,5321.423048,84.6519,83.1581,84.6519,24.0,30.0,36.0,19.68,25.8655,25.8655,26.9365,36.87327696607487,38.07347194774245,35.35107912328452,27.245559182092542,27.387997525740232,27.259892151540367
2026-02-28,5185.766656,5185.766656,5583.153856,5583.153856,6019.119456,6019.119456,74.1795,72.8705,74.1795,0.0,0.0,0.0,0.0,21.301,21.301,22.183,37.55317515011776,38.821282879126514,35.94255792065331,27.324070379522706,27.480699524095552,27.33983130938408
2026-03-31,5613.692784,5613.692784,6348.144288,6348.144288,7117.909752,7117.909752,81.1611,79.7289,81.1611,40.0,50.0,60.0,32.8,23.4311,23.4311,24.4013,38.291840648380486,39.63276107305448,36.58625721315956,27.414575031114282,27.587562778479796,27.43198205814326
2026-04-30,6333.81504,6333.81504,7346.40192,7346.40192,8394.4704,8394.4704,90.7608,89.1592,90.7608,88.0,110.0,132.0,72.16,24.9526,24.9526,25.9858,38.993357481894826,40.40254728286498,37.19858787318459,27.505881173036894,27.695372391571855,27.5249488747269
2026-05-31,6623.80472,6623.80472,7874.62,7874.62,9157.14332,9157.14332,96.8697,95.1603,96.8697,128.0,160.0,192.0,104.96,29.5171,29.5171,30.7393,39.70523925247631,41.18287960836155,37.820915995609994,27.604227415055306,27.81149459406344,27.625083836635213
2026-06-30,6585.2136,6585.2136,7992.38736,7992.38736,9425.83392,9425.83392,88.1427,86.5873,88.1427,88.0,110.0,132.0,72.16,29.5171,29.5171,30.7393,40.38221008768917,41.92421316503292,38.413570644220954,27.703418482247873,27.92861432282477,27.726078989384558
2026-07-31,6649.483632,6649.483632,7906.184696,7906.184696,9194.89574,9194.89574,90.7608,89.1592,90.7608,152.0,190.0,228.0,124.64,30.7343,30.7343,32.0069,41.07002541942003,42.6767313110995,39.01652414844903,27.810228288770922,28.05472986853962,27.834831450974473
2026-08-31,5969.802432,5969.802432,7099.960256,7099.960256,8258.90096,8258.90096,91.6335,90.0165,91.6335,96.0,120.0,144.0,78.72,34.0816,34.0816,35.4928,41.746509846181745,43.4162082786192,39.610300473670456,27.921589981317794,28.186220047994702,27.948218588219017
2026-09-30,4941.47376,4941.47376,5796.51696,5796.51696,6678.54576,6678.54576,85.5246,84.0154,85.5246,56.0,70.0,84.0,45.92,33.473,33.473,34.859,42.390894680429064,44.12003193519651,40.17656812752956,28.03385885129014,28.31878137606243,28.062529402617663
2026-10-31,5956.77152,5956.77152,6511.76824,6511.76824,7118.43452,7118.43452,84.6519,83.1581,84.6519,64.0,80.0,96.0,52.48,34.9945,34.9945,36.4435,43.04662644380824,44.83571081019483,40.753446154821994,28.15469545284767,28.461459042503733,28.185563778367662
2026-11-30,5379.18672,5379.18672,5696.79888,5696.79888,6069.52944,6069.52944,89.8881,88.3019,89.8881,8.0,10.0,12.0,6.56,41.0805,41.0805,42.7815,43.67183206212731,45.51759045166758,41.304044552386664,28.276477016295296,28.60525247151711,28.309560302959625
2026-12-31,5443.266192,5443.266192,5671.189104,5671.189104,5960.015856,5960.015856,89.8881,88.3019,89.8881,64.0,80.0,96.0,52.48,35.9074,35.9074,37.3942,44.30861103722608,46.2116304237191,41.86538956433457,28.407508085037996,28.75996724236093,28.442974562702258
2027-01-31,5933.968416,5933.968416,6219.55976,6219.55976,6571.256744,6571.256744,94.7205,92.4895,94.7205,30.0,37.5,45.0,19.86,23.732,23.732,25.347,44.9363673257389,46.8953999056524,42.41930681142074,28.544008153054175,28.92113952726962,28.581957291790413
2027-02-28,6368.008192,6368.008192,6811.642432,6811.642432,7321.346592,7321.346592,83.0025,81.0475,83.0025,0.0,0.0,0.0,0.0,19.544,19.544,20.874,45.49592858786695,47.50453947294608,42.91347416674908,28.67216624482556,29.072462034141072,28.71244632090215
2027-03-31,6642.60312,6642.60312,7501.05264,7501.05264,8411.199,8411.199,90.8145,88.6755,90.8145,50.0,62.5,75.0,33.1,21.4984,21.4984,22.9614,46.10752231965876,48.169959688890685,43.454033323135754,28.81963411943483,29.246584542992768,28.86259633887574
2027-04-30,7346.78016,7346.78016,8541.08928,8541.08928,9781.6368,9781.6368,101.556,99.164,101.556,110.0,137.5,165.0,72.82,22.8944,22.8944,24.4524,46.69176032157827,48.80527730788619,43.970828226675,28.968118142630303,29.421906868019096,29.0137809871299
2027-05-31,7540.555568,7540.555568,9023.111968,9023.111968,10541.05177,10541.05177,108.3915,105.8385,108.3915,160.0,200.0,240.0,105.92,27.0824,27.0824,28.9254,47.28789039821139,49.453198470799975,44.498544716964744,29.127726301685772,29.610364002575178,29.176292096850634
2027-06-30,7383.0888,7383.0888,9054.16848,9054.16848,10749.11616,10749.11616,98.6265,96.3035,98.6265,110.0,137.5,165.0,72.82,27.0824,27.0824,28.9254,47.8577208586361,50.07223697482119,45.00334659577304,29.288365569797218,29.80003861786191,29.339853069422503
2027-07-31,7554.372144,7554.372144,9036.561752,9036.561752,10554.68222,10554.68222,101.556,99.164,101.556,190.0,237.5,285.0,125.78,28.1992,28.1992,30.1182,48.43950394222338,50.703970865754805,45.519094364972034,29.4609628024425,30.003832584844105,29.51558949779747
2027-08-31,6774.35808,6774.35808,8104.22336,8104.22336,9466.42784,9466.42784,102.5325,100.1175,102.5325,120.0,150.0,180.0,79.44,31.2704,31.2704,33.3984,49.01438195626073,51.327930091208366,46.02906363152721,29.640496799358527,30.215817127579395,29.698388856201717
2027-09-30,5648.32944,5648.32944,6648.92784,6648.92784,7682.32944,7682.32944,95.697,93.443,95.697,70.0,87.5,105.0,46.34,30.712,30.712,32.802,49.564367301763234,51.92462310039709,46.517259395699,29.821062101419507,30.429019382577145,29.882238277112535
2027-10-31,7064.480384,7064.480384,7692.475408,7692.475408,8395.226312,8395.226312,94.7205,92.4895,94.7205,80.0,100.0,120.0,52.96,32.108,32.108,34.293,50.12634638999374,52.53408636315047,47.01640318734195,30.014925117648705,30.657922896978665,30.079627270805936
2027-11-30,6461.34096,6461.34096,6806.49744,6806.49744,7233.26832,7233.26832,100.5795,98.2105,100.5795,10.0,12.5,15.0,6.62,37.692,37.692,40.257,50.66426225535627,53.117231730214165,47.4944511660706,30.20980046841393,30.888021724119845,30.278047011359853
2027-12-31,6566.979984,6566.979984,6804.015408,6804.015408,7131.223632,7131.223632,100.5795,98.2105,100.5795,80.0,100.0,120.0,52.96,32.9456,32.9456,35.1876,51.21417349001212,53.713164611424006,47.983430875190834,30.41891441855173,31.134932759695268,30.49096432270588
2028-01-31,7118.0712,7118.0712,7421.47688,7421.47688,7821.09044,7821.09044,104.7891,101.8209,104.7891,33.0,40.5,48.0,20.04,21.5985,21.5985,23.7575,51.75824246098975,54.30255793668097,48.467477606557665,30.636138874994124,31.391420265465,30.71213965411653
2028-02-29,7819.901504,7819.901504,8327.278544,8327.278544,8931.558504,8931.558504,91.8255,89.2245,91.8255,0.0,0.0,0.0,0.0,17.787,17.787,19.565,52.262082824977604,54.84819236688268,48.91595940321879,30.846908710551272,31.640286485682182,30.926742968099653
2028-03-31,7671.513456,7671.513456,8653.960992,8653.960992,9704.488248,9704.488248,100.4679,97.6221,100.4679,55.0,67.5,80.0,33.4,19.5657,19.5657,21.5215,52.79535393943639,55.42551715417032,49.39086789402775,31.08052935075136,31.916133764955443,31.164612696798105
2028-04-30,8359.74528,8359.74528,9735.77664,9735.77664,11168.8032,11168.8032,112.3512,109.1688,112.3512,121.0,148.5,176.0,73.48,20.8362,20.8362,22.919,53.30634357241397,55.97854971752614,49.8461488403755,31.31502292896519,32.193011764698696,31.403371240493055
2028-05-31,8457.306416,8457.306416,10171.60394,10171.60394,11924.96022,11924.96022,119.9133,116.5167,119.9133,176.0,216.0,256.0,106.88,24.6477,24.6477,27.1115,53.8292704896303,56.544334591276325,50.312277837569816,31.566263727828797,32.48966402431759,31.65918160302132
2028-06-30,8180.964,8180.964,10115.9496,10115.9496,12072.3984,12072.3984,109.1103,106.0197,109.1103,121.0,148.5,176.0,73.48,24.6477,24.6477,27.1115,54.3305367994433,57.08652950600978,50.75929495271172,31.818273380662628,32.787224107302016,31.915774803423623
2028-07-31,8459.260656,8459.260656,10166.93881,10166.93881,11914.4687,11914.4687,112.3512,109.1688,112.3512,209.0,256.5,304.0,126.92,25.6641,25.6641,28.2295,54.843699048306405,57.641439927652634,51.21711404486138,32.08809251318633,33.10581271119759,32.19050140204992
2028-08-31,7578.913728,7578.913728,9108.486464,9108.486464,10673.95472,10673.95472,113.4315,110.2185,113.4315,132.0,162.0,192.0,80.16,28.4592,28.4592,31.304,55.35210404028692,58.191058959481474,51.670876885072204,32.36771712867831,33.435979126867174,32.47521182561318
2028-09-30,6355.18512,6355.18512,7501.33872,7501.33872,8686.11312,8686.11312,105.8694,102.8706,105.8694,77.0,94.5,112.0,46.76,27.951,27.951,30.745,55.83970172875771,58.71805020175795,52.10623994267726,32.64788569357094,33.766787810112525,32.76047609192016
2028-10-31,8172.189248,8172.189248,8873.182576,8873.182576,9672.018104,9672.018104,104.7891,101.8209,104.7891,88.0,108.0,128.0,53.44,29.2215,29.2215,32.1425,56.33911949562372,59.25768444167244,52.552326189730245,32.94750819374344,34.12056670315404,33.06554812137331
2028-11-30,7543.4952,7543.4952,7916.196,7916.196,8397.0072,8397.0072,111.2709,108.1191,111.2709,11.0,13.5,16.0,6.68,34.3035,34.3035,37.7325,56.818247535558925,59.77527283132337,52.980446495319136,33.24747210797299,34.47474872041721,33.37096777451697
2028-12-31,7690.693776,7690.693776,7936.841712,7936.841712,8302.431408,8302.431408,111.2709,108.1191,111.2709,88.0,108.0,128.0,53.44,29.9838,29.9838,32.981,57.30913844578009,60.3054474152361,53.419233032975356,33.5679973826897,34.8532085384076,33.6973227578462
2029-01-31,8302.173984,8302.173984,8623.394,8623.394,9070.924136,9070.924136,114.8674,111.1426,114.8674,36.0,43.5,51.0,20.22,19.4735,19.4735,22.1595,57.79586010938095,60.831001420693944,53.854444615270864,33.8994778387274,35.244603673066706,34.03483217516051
2029-02-28,8732.491264,8732.491264,9268.619584,9268.619584,9925.800864,9925.800864,100.657,97.393,100.657,0.0,0.0,0.0,0.0,16.037,16.037,18.249,58.23198309710641,61.30182274671854,54.24453778509014,34.208474026167785,35.60945053564803,34.3494483803569
2029-03-31,8700.423792,8700.423792,9806.869344,9806.869344,10997.7775,10997.7775,110.1306,106.5594,110.1306,60.0,72.5,85.0,33.7,17.6407,17.6407,20.0739,58.71105476660446,61.81890663836396,54.67318013894952,34.56138875422245,36.02615416023345,34.708781915887634
2029-04-30,9372.7104,9372.7104,10930.464,10930.464,12555.9696,12555.9696,123.1568,119.1632,123.1568,132.0,159.5,187.0,74.14,18.7862,18.7862,21.3774,59.17097953623134,62.31522522331984,55.084819591223045,34.91391523851146,36.44239936647725,35.067720146281275
2029-05-31,9374.057264,9374.057264,11320.0959,11320.0959,13308.86866,13308.86866,131.4462,127.1838,131.4462,192.0,232.0,272.0,107.84,22.2227,22.2227,25.2879,59.642509300520295,62.82396867856837,55.50697340321793,35.289735035902446,36.886148123087736,35.450375348186114
2029-06-30,8978.8392,8978.8392,11177.73072,11177.73072,13395.68064,13395.68064,119.6042,115.7258,119.6042,132.0,159.5,187.0,74.14,22.2227,22.2227,25.2879,60.09530583275644,63.31240887216389,55.9124746302389,35.66476215641484,37.32896092746336,35.832223456017864
2029-07-31,9364.149168,9364.149168,11297.31586,11297.31586,13274.25518,13274.25518,123.1568,119.1632,123.1568,228.0,275.5,323.0,128.06,23.1391,23.1391,26.3307,60.559639030612395,63.81320289006593,56.32842591680563,36.064152553318635,37.80054064002397,36.238877959125595
2029-08-31,8383.469376,8383.469376,10112.74957,10112.74957,11881.4816,11881.4816,124.341,120.309,124.341,144.0,174.0,204.0,80.88,25.6592,25.6592,29.1984,61.02043900123642,64.31009725526296,56.741328088554745,36.47574128816587,38.286523524883364,36.65795266335379
2029-09-30,7062.0408,7062.0408,8353.7496,8353.7496,9689.8968,9689.8968,116.0516,112.2884,116.0516,84.0,101.5,119.0,47.18,25.201,25.201,28.677,61.46308520871283,64.78733429962756,57.13806993716692,36.88578649595276,38.770683892093125,37.07545576687595
2029-10-31,9279.898112,9279.898112,10053.88974,10053.88974,10948.8099,10948.8099,114.8674,111.1426,114.8674,96.0,116.0,136.0,53.92,26.3465,26.3465,29.9805,61.917161916217026,65.27681388934634,57.54516298641033,37.32172990028997,39.285423522549365,37.51932810293649
2029-11-30,8625.64944,8625.64944,9025.89456,9025.89456,9560.74608,9560.74608,121.9726,118.0174,121.9726,12.0,14.5,17.0,6.74,30.9285,30.9285,35.1945,62.353442625318735,65.74703421611257,57.93640052699249,37.755528880069825,39.79763112638654,37.96101701167986
2029-12-31,8814.407568,8814.407568,9069.668016,9069.668016,9473.639184,9473.639184,121.9726,118.0174,121.9726,96.0,116.0,136.0,53.92,27.0338,27.0338,30.7626,62.80108202582546,66.229421363223,58.33792294050284,38.216169525307976,40.34153199320549,38.430035781667115
2030-01-31,9486.276768,9486.276768,9825.31112,9825.31112,10320.75783,10320.75783,124.936,120.474,124.936,39.0,45.0,54.0,20.4,17.34,17.34,20.57,63.245553203367585,66.70832032063167,58.73670062235365,38.68943988360298,40.900345377949876,38.91191397373198
2030-02-28,9914.7328,9914.7328,10497.10816,10497.10816,11228.028,11228.028,109.48,105.57,109.48,0.0,0.0,0.0,0.0,14.28,14.28,16.94,63.64434310791929,67.13793814398555,59.09457398694736,39.127783921106335,41.41791955302019,39.35823060563662
2030-03-31,9729.334128,9729.334128,10959.7777,10959.7777,12291.06674,12291.06674,119.784,115.506,119.784,65.0,75.0,90.0,34.0,15.708,15.708,18.634,64.0829658023417,67.61040218870386,59.48827970017915,39.62513020686703,42.00516055906423,39.86462261775404
2030-04-30,10385.67552,10385.67552,12125.15136,12125.15136,13943.136,13943.136,133.952,129.168,133.952,143.0,165.0,198.0,74.8,16.728,16.728,19.844,64.50459963052228,68.06450294234587,59.86682006402472,40.11845064805877,42.58764805415919,40.36691556330534
2030-05-31,10290.80811,10290.80811,12468.58787,12468.58787,14692.77711,14692.77711,142.968,137.862,142.968,208.0,240.0,288.0,108.8,19.788,19.788,23.474,64.93741194318972,68.53057935463022,60.255480178704616,40.640579373876484,43.204150895363114,40.89854075810644
2030-06-30,9776.7144,9776.7144,12239.51184,12239.51184,14718.96288,14718.96288,130.088,125.442,130.088,143.0,165.0,198.0,74.8,19.788,19.788,23.474,65.35353347256289,68.97862265478769,60.62923069327064,41.15775236589822,43.814802260073975,41.42512008430389
2030-07-31,10269.03768,10269.03768,12427.69292,12427.69292,14634.04166,14634.04166,133.952,129.168,133.952,247.0,285.0,342.0,129.2,20.604,20.604,24.442,65.78076036148366,69.43856370378242,61.01303435697804,41.704337071879756,44.460181469326436,41.98164606424813
2030-08-31,9188.025024,9188.025024,11117.01267,11117.01267,13089.00848,13089.00848,135.24,130.41,135.24,156.0,180.0,216.0,81.6,22.848,22.848,27.104,66.20523038341065,69.89547821666943,61.394438741906704,42.263150709240826,45.119999974039146,42.55062339518186
2030-09-30,7768.89648,7768.89648,9206.16048,9206.16048,10693.68048,10693.68048,126.224,121.716,126.224,91.0,105.0,126.0,47.6,22.44,22.44,26.62,66.61343256123618,70.33482744563484,61.76129719594061,42.815415503556736,45.772085940501626,43.11293277281701
2030-10-31,10387.60698,10387.60698,11234.59691,11234.59691,12225.60169,12225.60169,124.936,120.474,124.936,104.0,120.0,144.0,54.4,23.46,23.46,27.83,67.0326300690634,70.78595692437794,62.13810890519,43.39774562774412,46.45967150767743,43.70585430806645
2030-11-30,9707.80368,9707.80368,10135.59312,10135.59312,10724.48496,10724.48496,132.664,127.926,132.664,13.0,15.0,18.0,6.8,27.54,27.54,32.67,67.4358240214041,71.21981307452448,62.5006024067354,43.9723458866501,47.13813004607189,44.290905387367346
2030-12-31,9938.12136,9938.12136,10202.49432,10202.49432,10644.84696,10644.84696,132.664,127.926,132.664,104.0,120.0,144.0,54.4,24.072,24.072,28.556,67.84994073565079,71.66537183509809,62.87298345229667,44.57725482860617,47.85237552414156,44.90681640356491
2031-01-31,10620.25082,10620.25082,10984.22926,10984.22926,11537.3439,11537.3439,125.8284,124.936,132.0752,40.95,47.25,56.7,20.58,17.2125,17.0765,19.907,68.26154520824201,72.10817752623852,63.24317192536063,45.19319581868396,48.57964707925896,45.53396011860045
2031-02-28,10999.45056,10999.45056,11640.3009,11640.3009,12462.20282,12462.20282,110.262,109.48,115.736,0.0,0.0,0.0,0.0,14.175,14.063,16.394,68.63119526757072,72.50580669423078,63.57568300757388,45.75872678144442,49.24739705755136,46.109776949541384
2031-03-31,10642.30211,10642.30211,12003.83848,12003.83848,13488.18246,13488.18246,120.6396,119.784,126.6288,68.25,78.75,94.5,34.3,15.5925,15.4693,18.0334,69.03814206828689,72.94351067966103,63.94180335951958,46.39468643357381,49.99830562289564,46.757303425736374
2031-04-30,11257.24416,11257.24416,13179.33408,13179.33408,15197.09376,15197.09376,134.9088,133.952,141.6064,150.15,173.25,207.9,75.46,16.605,16.4738,19.2044,69.4296905344597,73.36460881749551,64.2941283458998,47.01959989268212,50.736171409619956,47.39358280092685
2031-05-31,11062.82554,11062.82554,13461.48154,13461.48154,15916.17066,15916.17066,143.9892,142.968,151.1376,218.4,252.0,302.4,109.76,19.6425,19.4873,22.7174,69.8319842485976,73.79721927577489,64.65618057654649,47.67469822028595,51.509677942138715,48.06059604652225
2031-06-30,10440.32472,10440.32472,13142.50488,13142.50488,15863.70744,15863.70744,131.0172,130.088,137.5216,150.15,173.25,207.9,75.46,19.6425,19.4873,22.7174,70.21910631420955,74.2134735038532,65.00463375512975,48.3172754450175,52.2684001980719,48.71486045562493
2031-07-31,10972.89045,10972.89045,13342.8242,13342.8242,15772.67997,15772.67997,134.9088,133.952,141.6064,259.35,299.25,359.1,130.34,20.4525,20.2909,23.6542,70.61690299037339,74.6411642151955,65.36275052831319,48.989678169950935,53.06233887613544,49.39949283065409
2031-08-31,9788.018368,9788.018368,11902.49414,11902.49414,14072.00013,14072.00013,136.206,135.24,142.968,163.8,189.0,226.8,82.32,22.68,22.5008,26.2304,71.01247132960061,75.06641819943485,65.7189158737,49.67009479583251,53.86573995773928,50.09228486333473
2031-09-30,8261.3862,8261.3862,9839.64996,9839.64996,11483.39196,11483.39196,127.1256,126.224,133.4368,95.55,110.25,132.3,48.02,22.275,22.099,25.762,71.39319261531332,75.47567302093277,66.06176372536555,50.33566072193966,54.65160609412349,50.76995609194899
2031-10-31,11051.86456,11051.86456,12018.66652,12018.66652,13174.92312,13174.92312,125.8284,124.936,132.0752,109.2,126.0,151.2,54.88,23.2875,23.1035,26.933,71.7844833386211,75.89625131622392,66.4141805151127,51.03017028102673,55.471647389016624,51.47709737988073
2031-11-30,10291.62492,10291.62492,10814.2602,10814.2602,11550.37116,11550.37116,133.6116,132.664,140.2448,13.65,15.75,18.9,6.86,27.3375,27.1215,31.617,72.16113161295803,76.30105530414203,66.75345756127949,51.70824041930773,56.272277858315334,52.16750024708152
2031-12-31,10486.73654,10486.73654,10844.71661,10844.71661,11440.16064,11440.16064,133.6116,132.664,140.2448,109.2,126.0,151.2,54.88,23.895,23.7062,27.6356,72.54828055886777,76.71710882468396,67.10224171645456,52.41445098224935,57.10613509890266,52.88655535654033
2032-01-31,11202.80877,11202.80877,11670.15857,11670.15857,12388.20611,12388.20611,126.7208,129.398,139.2144,42.9,49.5,59.4,20.76,17.085,16.813,19.244,72.933374448422,77.1309181347601,67.44922231102035,53.12563379355785,57.94586331554202,53.61067314954043
2032-02-29,11596.54944,11596.54944,12357.01443,12357.01443,13356.11603,13356.11603,111.044,113.39,121.992,0.0,0.0,0.0,0.0,14.07,13.846,15.848,73.29179181182536,77.51603021155712,67.77220882601235,53.79483028673614,58.736016239463225,54.29204097792214
2032-03-31,11207.44302,11207.44302,12721.35654,12721.35654,14396.77758,14396.77758,121.4952,124.062,133.4736,71.5,82.5,99.0,34.6,15.477,15.2306,17.4328,73.67299941887458,77.9255971145021,68.11577670514062,54.513680744731616,59.58479802035621,55.02396587664553
2032-04-30,11846.01984,11846.01984,13952.50752,13952.50752,16184.63424,16184.63424,135.8656,138.736,149.2608,157.3,181.5,217.8,76.12,16.482,16.2196,18.5648,74.04004126716417,78.31991293612381,68.44661977801492,55.21213055851152,60.409491766059055,55.735119084559955
2032-05-31,11632.21618,11632.21618,14236.53759,14236.53759,16914.84335,16914.84335,145.0104,148.074,159.3072,228.8,264.0,316.8,110.72,19.497,19.1866,21.9608,74.41741602090814,78.72529776516997,68.78681927538223,55.93603687907587,61.264243250368715,56.47219180180045
2032-06-30,10969.67016,10969.67016,13886.70984,13886.70984,16829.91432,16829.91432,131.9464,134.734,144.9552,157.3,181.5,217.8,76.12,19.497,19.1866,21.9608,74.78080418595935,79.11562794344107,69.11445021784998,56.638011859184914,62.09309933181401,57.18693429171329
2032-07-31,11533.14626,11533.14626,14104.20851,14104.20851,16753.3553,16753.3553,135.8656,138.736,149.2608,271.7,313.5,376.2,131.48,20.301,19.9778,22.8664,75.1544594224743,79.51695624693929,69.45137850254388,57.36413322126745,62.95046622363109,57.92626233761196
2032-08-31,10285.73056,10285.73056,12578.5848,12578.5848,14942.72416,14942.72416,137.172,140.07,150.696,171.6,198.0,237.6,83.04,22.512,22.1536,25.3568,75.52626607657683,79.91626916135611,69.78668012516117,58.09027858326827,63.80786145332172,58.665614819939044
2032-09-30,8682.4206,8682.4206,10400.16564,10400.16564,12201.74604,12201.74604,128.0272,130.732,140.6496,100.1,115.5,138.6,48.44,22.11,21.758,24.904,75.88434446537545,80.30081041521707,70.10963875091022,58.79232240027276,64.63679881384539,59.3804273987517
2032-10-31,11627.43189,11627.43189,12723.40862,12723.40862,14058.75048,14058.75048,126.7208,129.398,139.2144,114.4,132.0,158.4,55.36,23.115,22.747,26.036,76.2525922924939,80.6962446414534,70.44180713731785,59.51634670078267,65.49168960282847,60.11762024175512
2032-11-30,10830.14316,10830.14316,11453.7426,11453.7426,12345.54348,12345.54348,134.5592,137.402,147.8256,14.3,16.5,19.8,6.92,27.135,26.703,30.564,76.60727575625685,81.07708662688623,70.76177580913759,60.2149555778827,66.31657116234798,60.8289354060308
2032-12-31,11035.35173,11035.35173,11486.9389,11486.9389,12235.47432,12235.47432,134.5592,137.402,147.8256,114.4,132.0,158.4,55.36,23.718,23.3404,26.7152,76.9720650312873,81.46875303940938,71.09089718557927,60.93401613759553,67.16560102058148,61.56107422779827
2033-01-31,11785.36672,11785.36672,12356.08788,12356.08788,13239.06832,13239.06832,127.6132,133.86,146.3536,44.85,51.75,62.1,20.94,16.9575,16.5495,18.581,77.33513361704539,81.85854547748168,71.4185018719838,61.649487980366516,68.01039350576588,62.289559061097066
2033-02-28,12193.64832,12193.64832,13073.72797,13073.72797,14250.02925,14250.02925,111.826,117.3,128.248,0.0,0.0,0.0,0.0,13.965,13.629,15.302,77.66160763984234,82.2090275207934,71.71311654319138,62.29205318310639,68.76910156674741,62.94381122955228
2033-03-31,11772.58393,11772.58393,13438.8746,13438.8746,15305.3727,15305.3727,122.3508,128.34,140.3184,74.75,86.25,103.5,34.9,15.3615,14.9919,16.8322,78.02146754317276,82.59532645257374,72.03789163575861,62.99877426537007,69.60356160238695,63.66338614365047
2033-04-30,12434.79552,12434.79552,14725.68096,14725.68096,17172.17472,17172.17472,136.8224,143.52,156.9152,164.45,189.75,227.7,76.78,16.359,15.9654,17.9252,78.36814572937298,82.96745162096728,72.35080202884325,63.67739874089327,70.40484660469235,64.35435343037044
2033-05-31,12201.60682,12201.60682,15011.59364,15011.59364,17913.51604,17913.51604,146.0316,153.18,167.4768,239.2,276.0,331.2,111.68,19.3515,18.8859,21.2042,78.72477603299855,83.35023559876845,72.6727273549357,64.37254124673858,71.22563525068014,65.06213917708601
2033-06-30,11499.0156,11499.0156,14630.9148,14630.9148,17796.1212,17796.1212,132.8756,139.38,152.3888,164.45,189.75,227.7,76.78,19.3515,18.8859,21.2042,79.06837059732332,83.71900531564219,72.98291597419485,65.03877563523238,72.01229067319292,65.74049102607022
2033-07-31,12093.40206,12093.40206,14865.59281,14865.59281,17734.03062,17734.03062,136.8224,143.52,156.9152,284.05,327.75,393.3,132.62,20.1495,19.6647,22.0786,79.42185672282665,84.0983685747422,73.3020652579744,65.7199382665758,72.81657259981452,66.4340426325482
2033-08-31,10783.44275,10783.44275,13254.67546,13254.67546,15813.44819,15813.44819,138.138,144.9,158.424,179.4,207.0,248.4,83.76,22.344,21.8064,24.4832,79.77377652892426,84.47602821407887,73.61983101089196,66.39314042363378,73.61145520636114,67.1194889797607
2033-09-30,9103.455,9103.455,10960.68132,10960.68132,12920.10012,12920.10012,128.9288,135.24,147.8624,104.65,120.75,144.9,48.86,21.945,21.417,24.046,80.11287218142056,84.83990464101292,73.92604575495605,67.03653941881956,74.3711477667323,67.77459010566561
2033-10-31,12202.99922,12202.99922,13428.15071,13428.15071,14942.57784,14942.57784,127.6132,133.86,146.3536,119.6,138.0,165.6,55.84,22.9425,22.3905,25.139,80.46176971420756,85.21427794324627,74.24114080448796,67.69253368677597,75.14571217970393,68.44251558696251
2033-11-30,11368.6614,11368.6614,12093.225,12093.225,13140.7158,13140.7158,135.5068,142.14,155.4064,14.95,17.25,20.7,6.98,26.9325,26.2845,29.511,80.79797802551774,85.5750152910249,74.54480337919857,68.31835653354968,75.8846517247789,69.0797208897468
2033-12-31,11583.96691,11583.96691,12129.16118,12129.16118,13030.788,13030.788,135.5068,142.14,155.4064,119.6,138.0,165.6,55.84,23.541,22.9746,25.7948,81.14392983703458,85.94618658178969,74.85729395210146,68.95529651925148,76.636717817765,69.72824552980569
2034-01-31,12367.92467,12367.92467,13042.01719,13042.01719,14089.93053,14089.93053,128.5056,138.322,153.4928,46.8,54.0,64.8,21.12,16.83,16.286,17.918,81.4884129541319,86.31576179264404,75.16848544981652,69.5819259552404,77.37660974204894,70.36627209203705
2034-02-28,13247.5596,13247.5596,14282.95727,14282.95727,15684.79755,15684.79755,112.608,121.21,134.504,0.0,0.0,0.0,0.0,13.86,13.412,14.756,81.79831205728934,86.64821678528703,75.44845843036207,70.13873667395322,78.03406330306808,70.93321007526993
2034-03-31,12337.72484,12337.72484,14156.39267,14156.39267,16213.96782,16213.96782,123.2064,132.618,147.1632,78.0,90.0,108.0,35.2,15.246,14.7532,16.2316,82.14005083884005,87.01481033687749,75.75722161289987,70.74472729687437,78.74958597458695,71.55022244602881
2034-04-30,13023.5712,13023.5712,15498.8544,15498.8544,18159.7152,18159.7152,137.7792,148.304,164.5696,171.6,198.0,237.6,77.44,16.236,15.7112,17.2856,82.46941747870606,87.36811371795248,76.05483120353098,71.32040144041994,79.429312500929,72.13636694176608
2034-05-31,12770.99746,12770.99746,15786.64968,15786.64968,18912.18872,18912.18872,147.0528,158.286,175.6464,249.6,288.0,345.6,112.64,19.206,18.5852,20.4476,82.80838674713239,87.73169917724003,76.3611425817185,71.90386602616923,80.11823758217781,72.7304435721463
2034-06-30,12028.36104,12028.36104,15375.11976,15375.11976,18762.32808,18762.32808,133.8048,144.026,159.8224,171.6,198.0,237.6,77.44,19.206,18.5852,20.4476,83.1351056000564,88.08212711552814,76.65640755525338,72.45724961963805,80.77164456934342,73.29389209763562
2034-07-31,12653.65787,12653.65787,15626.97712,15626.97712,18714.70595,18714.70595,137.7792,148.304,164.5696,296.4,342.0,410.4,133.76,19.998,19.3516,21.2908,83.4713716163696,88.44277733703707,76.96032462421829,73.01723784599153,81.43284996854261,73.86406538096773
2034-08-31,11281.15494,11281.15494,13930.76611,13930.76611,16684.17222,16684.17222,139.104,149.73,166.152,187.2,216.0,259.2,84.48,22.176,21.4592,23.6096,83.80628840310024,88.80196286671472,77.26304623332562,73.5650128210078,82.07963458647195,74.42180327854102
2034-09-30,9524.4894,9524.4894,11521.197,11521.197,13638.4542,13638.4542,129.8304,139.748,155.0752,109.2,126.0,151.2,49.28,21.78,21.076,23.188,84.12913195423744,89.14818386064687,77.55487757803876,74.08334972035597,82.69166023330553,74.94956768119289
2034-10-31,12778.56654,12778.56654,14132.89281,14132.89281,15826.4052,15826.4052,128.5056,138.322,153.4928,124.8,144.0,172.8,56.32,22.77,22.034,24.242,84.46144054986888,89.50453860863347,77.85528744492908,74.6066906835502,83.30959442227845,75.4824271615247
2034-11-30,11907.17964,11907.17964,12732.7074,12732.7074,13935.88812,13935.88812,136.4544,146.878,162.9872,15.6,18.0,21.6,7.04,26.73,25.866,28.458,84.78178936085813,89.8480523340082,78.1449071022808,75.1011908005954,83.89347481816472,75.98592123885517
2034-12-31,12132.5821,12132.5821,12771.38347,12771.38347,13826.10168,13826.10168,136.4544,146.878,162.9872,124.8,144.0,172.8,56.32,23.364,22.6088,24.8744,85.11154976625944,90.20164219185446,78.44305739204744,75.59976015156964,84.48215995693283,76.49355856127684
2035-01-31,12950.48262,12950.48262,13727.9465,13727.9465,14940.79274,14940.79274,129.398,142.784,160.632,48.75,56.25,67.5,21.3,16.7025,16.0225,17.255,85.44003745317531,90.55385138137417,78.74007874011811,76.08568189032138,85.05591144335803,76.98831823690551
2035-02-28,13387.84608,13387.84608,14507.15504,14507.15504,16037.85568,16037.85568,113.39,125.12,140.76,0.0,0.0,0.0,0.0,13.755,13.195,14.21,85.48489358806863,90.69767311235509,78.91515262830265,76.5137043998182,85.56129848711961,77.42412561301595
2035-03-31,12902.86576,12902.86576,14873.91073,14873.91073,17122.56294,17122.56294,124.062,136.896,154.008,81.25,93.75,112.5,35.5,15.1305,14.5145,15.631,85.53452829831805,90.85663875652469,79.10853248782195,76.97556565102406,86.10664058291118,77.8943871893329
2035-04-30,13612.34688,13612.34688,16272.02784,16272.02784,19147.25568,19147.25568,138.736,153.088,172.224,178.75,206.25,247.5,78.1,16.113,15.457,16.646,85.58253448049518,91.0102121058813,79.29522526091046,77.41054070986544,86.62023684063207,78.3372735676451
2035-05-31,13340.3881,13340.3881,16561.70573,16561.70573,19910.86141,19910.86141,148.074,163.392,183.816,260.0,300.0,360.0,113.6,19.0605,18.2845,19.691,85.63211259543642,91.168632794923,79.48768047444213,77.84769200099817,87.13640268191423,78.78237575952704
2035-06-30,12557.70648,12557.70648,16119.32472,16119.32472,19728.53496,19728.53496,134.734,148.672,167.256,178.75,206.25,247.5,78.1,19.0605,18.2845,19.691,85.68006410155678,91.32168147334666,79.673484824054,78.25889712240459,87.6219326156823,79.20105987315925
2035-07-31,13213.91368,13213.91368,16388.36142,16388.36142,19695.38128,19695.38128,138.736,153.088,172.224,308.75,356.25,427.5,134.9,19.8465,19.0385,20.503,85.72958581434553,91.47956277364575,79.8650285296214,78.67167332540873,88.10931760208553,79.62134364319634
2035-08-31,11778.86714,11778.86714,14606.85677,14606.85677,17554.89626,17554.89626,140.07,154.56,173.88,195.0,225.0,270.0,85.2,22.008,21.112,22.736,85.77907893741684,91.6371720613169,80.05611394556769,79.07223820835739,88.58228408757743,80.02919399388249
2035-09-30,9945.5238,9945.5238,12081.71268,12081.71268,14356.80828,14356.80828,130.732,144.256,162.288,113.75,131.25,157.5,49.7,21.615,20.735,22.33,85.82694833349817,91.78943950596538,80.24060204701526,79.44838808747096,89.02642258776979,80.41218528103104
2035-10-31,13354.13387,13354.13387,14837.6349,14837.6349,16710.23256,16710.23256,129.398,142.784,160.632,130.0,150.0,180.0,56.8,22.5975,21.6775,23.345,85.87638534366312,91.94651762278593,80.43079519000136,79.82535237026605,89.47152269409244,80.79600578422236
2035-11-30,12445.69788,12445.69788,13372.1898,13372.1898,14731.06044,14731.06044,137.402,151.616,170.568,16.25,18.75,22.5,7.1,26.5275,25.4475,27.405,85.92420052920303,92.09827362323986,80.61442582874172,80.17897001619141,89.88905628807623,81.15605502228291
2035-12-31,12681.19728,12681.19728,13413.60576,13413.60576,14621.41536,14621.41536,137.402,151.616,170.568,130.0,150.0,180.0,56.8,23.187,22.243,23.954,85.9735816168842,92.25482590368468,80.80373908258316,80.53299418524526,90.30706988373643,81.51651817730811
2036-01-31,13529.18269,13498.98274,14356.66668,14499.79046,15841.09126,15749.30671,130.1158,145.4612,164.6478,50.7,58.5,70.2,21.48,16.575,15.759,16.592,86.02293435757353,92.4111129716398,80.99260983419818,80.87564393519696,90.7116531482412,81.865400035477
2036-02-29,13980.22618,13934.94368,15113.29859,15406.23101,17028.65248,16852.99862,114.019,127.466,144.279,0.0,0.0,0.0,0.0,13.65,12.978,13.664,86.0690774309438,92.55707809436792,81.16889751209932,81.18607148433098,91.07819008935542,82.18147363595077
2036-03-31,13475.02147,13482.21521,15463.27666,15877.17985,18149.54185,17953.89701,124.7502,139.4628,157.8582,84.5,97.5,117.0,35.8,15.015,14.2758,15.0304,86.1183754448849,92.71285565392175,81.35692054987184,81.50729692598996,91.45747662858882,82.50854152084752
2036-04-30,14222.8416,14295.25056,16892.35584,17465.57952,20282.50944,20057.6592,139.5056,155.9584,176.5296,185.9,214.5,257.4,78.76,15.99,15.2028,16.0064,86.16605634561402,92.86335932394867,81.5384655126641,81.80792459202718,91.81244236997028,82.81463699810618
2036-05-31,13951.98896,14122.68364,17185.532,17876.16922,21065.80138,20856.50736,148.8954,166.4556,188.4114,270.4,312.0,374.4,114.56,18.915,17.9838,18.9344,86.21529890691029,93.01862395814514,81.72563830395202,82.10821829303327,92.16701378255819,83.12039243618305
2036-06-30,13150.71072,13427.50032,16729.64352,17497.7316,20845.92168,20677.35168,135.4814,151.4596,171.4374,185.9,214.5,257.4,78.76,18.915,17.9838,18.9344,86.2629262342593,93.16863369445046,81.90636601015908,82.38902189773734,92.49857228826814,83.4063032923955
2036-07-31,13831.30472,14061.17369,16939.29565,17890.82156,20892.73371,20600.46162,139.5056,155.9584,176.5296,321.1,370.5,444.6,136.04,19.695,18.7254,19.7152,86.31211352961772,93.32339043684973,82.09269998616575,82.66928746940087,92.82949551213711,83.69166632983098
2036-08-31,12334.30976,12566.24333,15068.69923,16034.8001,18645.99507,18348.17088,140.847,157.458,178.227,202.8,234.0,280.8,85.92,21.84,20.7648,21.8624,86.36127281022421,93.47789097303546,82.27861197812648,82.93973185325441,93.14882238075987,83.96702955184838
2036-09-30,10409.50656,10567.7244,12413.12472,13334.27508,15301.647,14971.22424,131.4572,146.9608,166.3452,118.3,136.5,163.8,50.12,21.45,20.394,21.472,86.40881967884613,93.62716487318507,82.4581277124872,83.19233149427095,93.44707909155449,84.2242234711291
2036-10-31,13923.15152,13789.3084,15043.5002,16453.01068,18038.38168,17255.23116,130.1158,145.4612,164.6478,135.2,156.0,187.2,57.28,22.425,21.321,22.448,86.45792397313102,93.78116495506221,82.64321765200897,83.44416625672828,93.7444326729452,84.48063860025152
2036-11-30,12951.93024,12681.03192,13444.53816,14898.88116,16019.22108,15113.11896,138.1642,154.4588,174.8322,16.9,19.5,23.4,7.16,26.325,25.029,26.352,86.50541771838962,93.92995689210373,82.82194311098405,83.67921940906368,94.02197138913392,84.71996689559327
2036-12-31,13180.97482,12812.37638,13398.30317,15016.4749,15982.72258,14924.9495,138.1642,154.4588,174.8322,135.2,156.0,187.2,57.28,23.01,21.8772,23.0336,86.55446721045328,94.08346135155992,83.00622180720887,83.91340253602357,94.29848282394666,84.9584093415518
2037-01-31,14065.44598,13672.84661,14356.08636,16216.69545,17285.18931,16091.99014,130.8336,148.1384,169.1098,52.65,60.75,72.9,21.66,16.4475,15.4955,15.929,86.60348892243192,94.23671576423108,83.19009229911958,84.13898289893025,94.5648365558429,85.18809255652097
2037-02-28,14549.01235,14232.03488,15166.59222,17217.11914,18503.8672,17274.29021,114.648,129.812,148.189,0.0,0.0,0.0,0.0,13.545,12.761,13.118,86.64774275941183,94.37492519744902,83.35582025920168,84.335544006731,94.79692583849935,85.38822871463265
2037-03-31,14068.2216,14104.19028,15668.18616,17737.70214,19531.67214,18553.44792,125.4384,142.0296,162.1362,87.75,101.25,121.5,36.1,14.8995,14.0371,14.4298,86.69671172976263,94.52770707132434,83.53892128291348,84.54543217064023,95.04475102601887,85.60193432113788
2037-04-30,14876.7744,15166.41024,17206.99296,19499.88768,21713.18976,20813.7888,140.2752,158.8288,181.3136,193.05,222.75,267.3,79.42,15.867,14.9486,15.3668,86.74407473506727,94.67532574850736,83.71573451815713,84.7410344240451,95.27570814254437,85.80109418522511
2037-05-31,14622.68413,15203.04604,17597.63658,19945.80312,22439.51554,21727.91587,149.7168,169.5192,193.5174,280.8,324.0,388.8,115.52,18.7695,17.6831,18.1778,86.79298935452846,94.82762363216736,83.89805006043373,84.93562574115373,95.50547159730012,85.9992247261228
2037-06-30,13807.37376,14637.74256,17206.07616,19510.3404,22114.48824,21608.77824,136.2288,154.2472,176.0834,193.05,222.75,267.3,79.42,18.7695,17.6831,18.1778,86.84029984969344,94.97477615213349,84.07410802824373,85.1168740296799,95.71948028771402,86.1837695556458
2037-07-31,14489.50664,15113.4367,17339.9084,19922.62157,22244.8555,21451.54554,140.2752,158.8288,181.3136,333.45,384.75,461.7,137.18,19.5435,18.4123,18.9274,86.88916029883717,95.12659461625792,84.25564811200063,85.29709155136102,95.93227190146243,86.36726487075273
2037-08-31,12918.6176,13498.45152,15423.4176,17838.66976,19847.28128,19102.7208,141.624,160.356,183.057,210.6,243.0,291.6,86.64,21.672,20.4176,20.9888,86.93799328768392,95.27817116960146,84.43679788339769,85.47035007240973,96.13684668390142,86.54367461503413
2037-09-30,10887.80544,11256.9804,12668.16888,14817.51972,16321.9806,15550.99416,132.1824,149.6656,170.8532,122.85,141.75,170.1,50.54,21.285,20.053,20.614,86.98522491652678,95.42462891123945,84.61173484572636,85.6316084891869,96.32725235820232,86.70786599733785
2037-10-31,14490.85923,14196.40437,15149.59014,18250.51319,19455.39515,17732.46401,130.8336,148.1384,169.1098,140.4,162.0,194.4,57.76,22.2525,20.9645,21.551,87.03400400550986,95.5757328038125,84.79212387735068,85.79183533284824,96.5164400038344,86.87100704429022
2037-11-30,13455.22752,12888.80376,13465.32888,16506.22788,17352.19884,15457.62168,138.9264,157.3016,179.5702,17.55,20.25,24.3,7.22,26.1225,24.6105,25.299,87.08118355948363,95.7217352663941,84.96632926303063,85.94089806211173,96.69244563532813,87.02278092410918
2037-12-31,13680.75235,12943.55549,13383.00058,16619.34403,17344.02979,15228.48365,138.9264,157.3016,179.5702,140.4,162.0,194.4,57.76,22.833,21.5114,22.1132,87.12990892668738,95.87237089249251,85.14596705929303,86.08894367970302,96.8672503134846,87.173519193045
2038-01-31,14601.70928,13846.71048,14355.50604,17933.60044,18729.28736,16434.67356,131.5514,150.8156,173.5718,54.6,63.0,75.6,21.84,16.32,15.232,15.266,87.17860706059251,96.02277020939175,85.32522665947445,86.23111362087019,97.03511729403827,87.31827491884708
2038-02-28,15117.79853,14529.12608,15219.88586,19028.00726,19979.08192,17695.58179,115.277,132.158,152.099,0.0,0.0,0.0,0.0,13.44,12.544,12.572,87.22256910220318,96.15841256323479,85.4868154678778,86.35464619630281,97.18097822826704,87.44405430280224
2038-03-31,14661.42173,14726.16535,15873.09566,19598.22443,20913.80243,19152.99883,126.1266,144.5964,166.4142,91.0,105.0,126.0,36.4,14.784,13.7984,13.8292,87.27121553090093,96.30836518610042,85.66536182651346,86.48619788240913,97.33630771741305,87.57799864888887
2038-04-30,15530.7072,16037.56992,17521.63008,21534.19584,23143.87008,21569.9184,141.0448,161.6992,186.0976,200.2,231.0,277.2,80.08,15.744,14.6944,14.7272,87.31826691552197,96.45325866057172,85.83779501868173,86.60846542739793,97.48067496852447,87.70248999404654
2038-05-31,15293.3793,16283.40844,18009.74115,22015.43703,23813.2297,22599.32438,150.5382,172.5828,198.6234,291.2,336.0,403.2,116.48,18.624,17.3824,17.4212,87.366860059079,96.6027536066191,86.01561283684318,86.72978625320985,97.62392438214965,87.826017401114
2038-06-30,14464.0368,15847.9848,17682.5088,21522.9492,23383.0548,22540.2048,136.9762,157.0348,180.7294,200.2,231.0,277.2,80.08,18.624,17.3824,17.4212,87.41385996209108,96.74720619121277,86.18734529209873,86.8425068118579,97.75701904105736,87.94078811949481
2038-07-31,15147.70856,16165.6997,17740.52116,21954.42159,23596.9773,22302.62946,141.0448,161.6992,186.0976,345.8,399.0,478.8,138.32,19.392,18.0992,18.1396,87.46239999522324,96.89624762571069,86.36444341584058,86.95431825388499,97.88904026164977,88.054633186256
2038-08-31,13502.92544,14430.65971,15778.13597,19642.53942,21048.56749,19857.27072,142.401,163.254,187.887,218.4,252.0,302.4,87.36,21.504,20.0704,20.1152,87.51091310446246,97.04506016321002,86.54117912621949,87.0615610271648,98.01566703232216,88.16382648939518
2038-09-30,11366.10432,11946.2364,12923.21304,16300.76436,17342.3142,16130.76408,132.9076,152.3704,175.3612,127.4,147.0,176.4,50.96,21.12,19.712,19.756,87.55783568171472,97.18885534620175,86.71187070613897,87.16115558123357,98.13326317770887,88.26523246763361
2038-10-31,15058.56694,14603.50034,15255.68007,20048.0157,20872.40862,18209.69686,131.5514,150.8156,173.5718,145.6,168.0,201.6,58.24,22.08,20.608,20.654,87.60629594223528,97.33722053584094,86.88789972940212,87.25990320808754,98.24985931484396,88.36577611475852
2038-11-30,13958.5248,13096.5756,13486.1196,18113.5746,18685.1766,15802.1244,139.6886,160.1444,184.3082,18.2,21.0,25.2,7.28,25.92,24.192,24.246,87.65316745907067,97.48058474930694,87.05791150830802,87.35158319133032,98.35811034060814,88.45912357208235
2038-12-31,14180.52989,13074.73459,13367.69798,18222.21317,18705.33701,15532.01779,139.6886,160.1444,184.3082,145.6,168.0,201.6,58.24,22.656,21.1456,21.1928,87.70157504321254,97.62850660132428,87.23324225441164,87.44245953302344,98.46541246761576,88.55165277123672
2039-01-31,15137.97258,14020.57435,14354.92572,19650.50543,20173.38541,16777.35698,132.2692,153.4928,178.0338,56.55,65.25,78.3,22.02,16.1925,14.9685,14.603,87.74995592313762,97.7762046683283,87.40822130809747,87.52956259183183,98.56825929556767,88.64034005909713
2039-02-28,15686.5847,14826.21728,15273.17949,20838.89539,21454.29664,18116.87338,115.906,134.504,156.009,0.0,0.0,0.0,0.0,13.335,12.327,12.026,87.79363186630346,97.90941786844841,87.56596637160837,87.60511498349878,98.65746768771174,88.71726659646535
2039-03-31,15254.62186,15348.14042,16078.00517,21458.74672,22295.93272,19752.54974,126.8148,147.1632,170.6922,94.25,108.75,130.5,36.7,14.6685,13.5597,13.2286,87.84196204393642,98.05669281327232,87.7402818813692,87.685437114356,98.75230794345036,88.79904962496457
2039-04-30,16184.64,16908.7296,17836.2672,23568.504,24574.5504,22326.048,141.8144,164.5696,190.8816,207.35,239.25,287.1,80.74,15.621,14.4402,14.0876,87.88870787887227,98.19900664925449,87.90864520298261,87.75996628189799,98.84030816498623,88.87493432782367
2039-05-31,15964.07446,17363.77084,18421.84573,24085.07093,25186.94386,23470.7329,151.3596,175.6464,203.7294,301.6,348.0,417.6,117.44,18.4785,17.0817,16.6646,87.93698580273319,98.34584792983553,88.08228255133012,87.83380029251266,98.92748758084797,88.95011123025226
2039-06-30,15120.69984,17058.22704,18158.94144,23535.558,24651.62136,23471.63136,137.7236,159.8224,185.3754,207.35,239.25,287.1,80.74,18.4785,17.0817,16.6646,87.9836811514469,98.4877439403615,88.24999340653861,87.90229515064595,99.00836279908253,89.01985187177885
2039-07-31,15805.91048,17217.96271,18141.13391,23986.2216,24949.09909,23153.71338,141.8144,164.5696,190.8816,358.15,413.25,495.9,139.46,19.2405,17.7861,17.3518,88.03190699065782,98.63415536516861,88.42296044740068,87.97013773478099,99.08846784560791,89.08892837575806
2039-08-31,14087.23328,15362.8679,16132.85434,21446.40909,22249.8537,20611.82064,143.178,166.152,192.717,226.2,261.0,313.2,88.08,21.336,19.7232,19.2416,88.08010642514111,98.78034978040029,88.59558980169984,88.0351150100072,99.16518968221612,89.15508745663541
2039-09-30,11844.4032,12635.4924,13178.2572,17784.009,18362.6478,16710.534,133.6328,155.0752,179.8692,131.95,152.25,182.7,51.38,20.955,19.371,18.898,88.1267259391472,98.92162253098209,88.76233080036157,88.09537672823595,99.23634363078631,89.21644521403948
2039-10-31,15626.27466,15010.5963,15361.77001,21845.51822,22289.4221,18686.9297,132.2692,153.4928,178.0338,150.8,174.0,208.8,58.72,21.9075,20.2515,19.757,88.17487354233016,99.06739272989932,88.9343014091936,88.15504858567185,99.30680110196171,89.27720238227192
2039-11-30,14461.82208,13304.34744,13506.91032,19720.92132,20018.15436,16146.62712,140.4508,162.9872,189.0462,18.85,21.75,26.1,7.34,25.7175,23.7735,23.193,88.2214429778571,99.20825673160469,89.10040855093227,88.21038069029069,99.37213441541594,89.33354086633193
2039-12-31,14680.30742,13205.9137,13352.39539,19825.0823,20066.64422,15835.55194,140.4508,162.9872,189.0462,150.8,174.0,208.8,58.72,22.479,20.7798,20.2724,88.26953891659142,99.3536063857875,89.27172789843111,88.26516244329899,99.43681790189308,89.389318988995
2040-01-31,15674.23587,14194.43822,14354.3454,21367.41042,21617.48346,17120.04041,132.987,156.17,182.942,58.5,67.5,81.0,22.2,16.065,14.705,13.94,88.31760866327846,99.498743710662,89.44271909999159,88.31760866327846,99.498743710662,89.44271909999159
2040-02-29,16835.91984,15663.42664,15873.84716,23458.70436,23748.42248,19200.24228,116.535,136.85,160.31,0.0,0.0,0.0,0.0,13.23,12.11,11.48,88.31760866327846,99.498743710662,89.44271909999159,88.31760866327846,99.498743710662,89.44271909999159
2040-03-31,15847.82198,15970.1155,16282.91467,23319.269,23678.063,20352.10066,127.503,149.73,175.398,97.5,112.5,135.0,37.0,14.553,13.321,12.628,88.31760866327846,99.498743710662,89.44271909999159,88.31760866327846,99.498743710662,89.44271909999159
2040-04-30,16838.5728,17779.88928,18150.90432,25602.81216,26005.23072,23082.1776,142.584,167.44,196.144,214.5,247.5,297.0,81.4,15.498,14.186,13.448,88.31760866327846,99.498743710662,89.44271909999159,88.31760866327846,99.498743710662,89.44271909999159
2040-05-31,16634.76963,18444.13324,18833.9503,26154.70484,26560.65802,24342.14141,152.181,178.71,209.346,312.0,360.0,432.0,118.4,18.333,16.781,15.908,88.31760866327846,99.498743710662,89.44271909999159,88.31760866327846,99.498743710662,89.44271909999159
2040-06-30,15777.36288,18268.46928,18635.37408,25548.1668,25920.18792,24403.05792,138.471,162.61,190.486,214.5,247.5,297.0,81.4,18.333,16.781,15.908,88.31760866327846,99.498743710662,89.44271909999159,88.31760866327846,99.498743710662,89.44271909999159
2040-07-31,16464.1124,18270.22572,18541.74666,26018.02162,26301.22088,24004.7973,142.584,167.44,196.144,370.5,427.5,513.0,140.6,19.089,17.473,16.564,88.31760866327846,99.498743710662,89.44271909999159,88.31760866327846,99.498743710662,89.44271909999159
2040-08-31,14671.54112,16295.0761,16487.5727,23250.27875,23451.1399,21366.37056,143.955,169.05,198.03,234.0,270.0,324.0,88.8,21.168,19.376,18.368,88.31760866327846,99.498743710662,89.44271909999159,88.31760866327846,99.498743710662,89.44271909999159
2040-09-30,12322.70208,13324.7484,13433.30136,19267.25364,19382.9814,17290.30392,134.358,157.78,184.828,136.5,157.5,189.0,51.8,20.79,19.03,18.04,88.31760866327846,99.498743710662,89.44271909999159,88.31760866327846,99.498743710662,89.44271909999159
2040-10-31,16193.98237,15417.69227,15467.85994,23643.02073,23706.43557,19164.16255,132.987,156.17,182.942,156.0,180.0,216.0,59.2,21.735,19.895,18.86,88.31760866327846,99.498743710662,89.44271909999159,88.31760866327846,99.498743710662,89.44271909999159
2040-11-30,14965.11936,13512.11928,13527.70104,21328.26804,21351.13212,16491.12984,141.213,165.83,194.258,19.5,22.5,27.0,7.4,25.515,23.355,22.14,88.31760866327846,99.498743710662,89.44271909999159,88.31760866327846,99.498743710662,89.44271909999159
2040-12-31,15180.08496,13337.0928,13337.0928,21427.95144,21427.95144,16139.08608,141.213,165.83,194.258,156.0,180.0,216.0,59.2,22.302,20.414,19.352,88.31760866327846,99.498743710662,89.44271909999159,88.31760866327846,99.498743710662,89.44271909999159
2041-01-31,16193.62475,14379.24634,14379.24634,23018.2507,23018.2507,17473.75797,133.7921,158.401,186.9578,60.45,69.75,83.7,22.38,15.64,14.365,13.617,88.31760866327846,99.498743710662,89.44271909999159,88.31760866327846,99.498743710662,89.44271909999159
2041-02-28,16791.6887,15429.11978,15429.11978,24321.18035,24321.18035,18981.11544,117.2405,138.805,163.829,0.0,0.0,0.0,0.0,12.88,11.83,11.214,88.31760866327846,99.498743710662,89.44271909999159,88.31760866327846,99.498743710662,89.44271909999159
2041-03-31,16404.05387,16545.50185,16545.50185,24964.27997,24964.27997,20978.27245,128.2749,151.869,179.2482,100.75,116.25,139.5,37.3,14.168,13.013,12.3354,88.31760866327846,99.498743710662,89.44271909999159,88.31760866327846,99.498743710662,89.44271909999159
2041-04-30,17449.1232,18534.84288,18534.84288,27322.4976,27322.4976,23871.68112,143.4472,169.832,200.4496,221.65,255.75,306.9,82.06,15.088,13.858,13.1364,88.31760866327846,99.498743710662,89.44271909999159,88.31760866327846,99.498743710662,89.44271909999159
2041-05-31,17263.64146,19315.41521,19315.41521,27823.68017,27823.68017,25249.09049,153.1023,181.263,213.9414,322.4,372.0,446.4,119.36,17.848,16.393,15.5394,88.31760866327846,99.498743710662,89.44271909999159,88.31760866327846,99.498743710662,89.44271909999159
2041-06-30,16398.39528,19174.21668,19174.21668,27092.68884,27092.68884,25369.14564,139.3093,164.933,194.6674,221.65,255.75,306.9,82.06,17.848,16.393,15.5394,88.31760866327846,99.498743710662,89.44271909999159,88.31760866327846,99.498743710662,89.44271909999159
2041-07-31,17064.02812,19038.81938,19038.81938,27499.18674,27499.18674,24905.14413,143.4472,169.832,200.4496,382.85,441.75,530.1,141.74,18.584,17.069,16.1802,88.31760866327846,99.498743710662,89.44271909999159,88.31760866327846,99.498743710662,89.44271909999159
2041-08-31,15196.48768,16940.47526,16940.47526,24495.456,24495.456,22171.01946,144.8265,171.465,202.377,241.8,279.0,334.8,89.52,20.608,18.928,17.9424,88.31760866327846,99.498743710662,89.44271909999159,88.31760866327846,99.498743710662,89.44271909999159
2041-09-30,12736.52604,13792.62006,13792.62006,20234.08062,20234.08062,17921.3625,135.1714,160.034,188.8852,141.05,162.75,195.3,52.22,20.24,18.59,17.622,88.31760866327846,99.498743710662,89.44271909999159,88.31760866327846,99.498743710662,89.44271909999159
2041-10-31,16615.98016,15797.18708,15797.18708,24747.5852,24747.5852,19740.90974,133.7921,158.401,186.9578,161.2,186.0,223.2,59.68,21.16,19.435,18.423,88.31760866327846,99.498743710662,89.44271909999159,88.31760866327846,99.498743710662,89.44271909999159
2041-11-30,15301.45116,13801.3239,13801.3239,22254.99438,22254.99438,16945.74234,142.0679,168.199,198.5222,20.15,23.25,27.9,7.46,24.84,22.815,21.627,88.31760866327846,99.498743710662,89.44271909999159,88.31760866327846,99.498743710662,89.44271909999159
2041-12-31,15485.67998,13614.48353,13614.48353,22290.91183,22290.91183,16568.89265,142.0679,168.199,198.5222,161.2,186.0,223.2,59.68,21.712,19.942,18.9036,88.31760866327846,99.498743710662,89.44271909999159,88.31760866327846,99.498743710662,89.44271909999159
2042-01-31,16527.39506,14684.44109,14684.44109,23942.37905,23942.37905,17948.85108,134.5972,160.632,190.9736,62.4,72.0,86.4,22.56,15.215,14.025,13.294,88.31760866327846,99.498743710662,89.44271909999159,88.31760866327846,99.498743710662,89.44271909999159
2042-02-28,17165.66477,15778.53155,15778.53155,25295.1207,25295.1207,19532.3604,117.946,140.76,167.348,0.0,0.0,0.0,0.0,12.53,11.55,10.948,88.31760866327846,99.498743710662,89.44271909999159,88.31760866327846,99.498743710662,89.44271909999159
2042-03-31,16849.38102,16981.12203,16981.12203,25962.75699,25962.75699,21684.30687,129.0468,154.008,183.0984,104.0,120.0,144.0,37.6,13.783,12.705,12.0428,88.31760866327846,99.498743710662,89.44271909999159,88.31760866327846,99.498743710662,89.44271909999159
2042-04-30,17972.9088,19057.38432,19057.38432,28412.9376,28412.9376,24727.93248,144.3104,172.224,204.7552,228.8,264.0,316.8,82.72,14.678,13.53,12.8248,88.31760866327846,99.498743710662,89.44271909999159,88.31760866327846,99.498743710662,89.44271909999159
2042-05-31,17833.96061,19893.98458,19893.98458,28931.73351,28931.73351,26205.79637,154.0236,183.816,218.5368,332.8,384.0,460.8,120.32,17.363,16.005,15.1708,88.31760866327846,99.498743710662,89.44271909999159,88.31760866327846,99.498743710662,89.44271909999159
2042-06-30,16983.79704,19775.46924,19775.46924,28169.12412,28169.12412,26369.89452,140.1476,167.256,198.8488,228.8,264.0,316.8,82.72,17.363,16.005,15.1708,88.31760866327846,99.498743710662,89.44271909999159,88.31760866327846,99.498743710662,89.44271909999159
2042-07-31,17622.31084,19604.79209,19604.79209,28587.04122,28587.04122,25840.67874,144.3104,172.224,204.7552,395.2,456.0,547.2,142.88,18.079,16.665,15.7964,88.31760866327846,99.498743710662,89.44271909999159,88.31760866327846,99.498743710662,89.44271909999159
2042-08-31,15691.7536,17442.46992,17442.46992,25461.28704,25461.28704,23000.71784,145.698,173.88,206.724,249.6,288.0,345.6,90.24,20.048,18.48,17.5168,88.31760866327846,99.498743710662,89.44271909999159,88.31760866327846,99.498743710662,89.44271909999159
2042-09-30,13128.85836,14186.69694,14186.69694,21028.76838,21028.76838,18569.5173,135.9848,162.288,192.9424,145.6,168.0,201.6,52.64,19.69,18.15,17.204,88.31760866327846,99.498743710662,89.44271909999159,88.31760866327846,99.498743710662,89.44271909999159
2042-10-31,17008.83597,16171.16166,16171.16166,25713.56206,25713.56206,20337.5598,134.5972,160.632,190.9736,166.4,192.0,230.4,60.16,20.585,18.975,17.986,88.31760866327846,99.498743710662,89.44271909999159,88.31760866327846,99.498743710662,89.44271909999159
2042-11-30,15622.60428,14097.9315,14097.9315,23119.84614,23119.84614,17410.36482,142.9228,170.568,202.7864,20.8,24.0,28.8,7.52,24.165,22.275,21.114,88.31760866327846,99.498743710662,89.44271909999159,88.31760866327846,99.498743710662,89.44271909999159
2042-12-31,15791.27501,13891.87426,13891.87426,23153.87222,23153.87222,16998.69922,142.9228,170.568,202.7864,166.4,192.0,230.4,60.16,21.122,19.47,18.4552,88.31760866327846,99.498743710662,89.44271909999159,88.31760866327846,99.498743710662,89.44271909999159
2043-01-31,16861.16536,14989.63584,14989.63584,24866.5074,24866.5074,18423.94418,135.4023,162.863,194.9894,64.35,74.25,89.1,22.74,14.79,13.685,12.971,88.31760866327846,99.498743710662,89.44271909999159,88.31760866327846,99.498743710662,89.44271909999159
2043-02-28,17539.64083,16127.94333,16127.94333,26269.06106,26269.06106,20083.60536,118.6515,142.715,170.867,0.0,0.0,0.0,0.0,12.18,11.27,10.682,88.31760866327846,99.498743710662,89.44271909999159,88.31760866327846,99.498743710662,89.44271909999159
2043-03-31,17294.70817,17416.74221,17416.74221,26961.23401,26961.23401,22390.34129,129.8187,156.147,186.9486,107.25,123.75,148.5,37.9,13.398,12.397,11.7502,88.31760866327846,99.498743710662,89.44271909999159,88.31760866327846,99.498743710662,89.44271909999159
2043-04-30,18496.6944,19579.92576,19579.92576,29503.3776,29503.3776,25584.18384,145.1736,174.616,209.0608,235.95,272.25,326.7,83.38,14.268,13.202,12.5132,88.31760866327846,99.498743710662,89.44271909999159,88.31760866327846,99.498743710662,89.44271909999159
2043-05-31,18404.27976,20472.55395,20472.55395,30039.78684,30039.78684,27162.50225,154.9449,186.369,223.1322,343.2,396.0,475.2,121.28,16.878,15.617,14.8022,88.31760866327846,99.498743710662,89.44271909999159,88.31760866327846,99.498743710662,89.44271909999159
2043-06-30,17569.1988,20376.7218,20376.7218,29245.5594,29245.5594,27370.6434,140.9859,169.579,203.0302,235.95,272.25,326.7,83.38,16.878,15.617,14.8022,88.31760866327846,99.498743710662,89.44271909999159,88.31760866327846,99.498743710662,89.44271909999159
2043-07-31,18180.59356,20170.76479,20170.76479,29674.8957,29674.8957,26776.21336,145.1736,174.616,209.0608,407.55,470.25,564.3,144.02,17.574,16.261,15.4126,88.31760866327846,99.498743710662,89.44271909999159,88.31760866327846,99.498743710662,89.44271909999159
2043-08-31,16187.01952,17944.46458,17944.46458,26427.11808,26427.11808,23830.41622,146.5695,176.295,211.071,257.4,297.0,356.4,90.96,19.488,18.032,17.0912,88.31760866327846,99.498743710662,89.44271909999159,88.31760866327846,99.498743710662,89.44271909999159
2043-09-30,13521.19068,14580.77382,14580.77382,21823.45614,21823.45614,19217.6721,136.7982,164.542,196.9996,150.15,173.25,207.9,53.06,19.14,17.71,16.786,88.31760866327846,99.498743710662,89.44271909999159,88.31760866327846,99.498743710662,89.44271909999159
2043-10-31,17401.69178,16545.13623,16545.13623,26679.53893,26679.53893,20934.20985,135.4023,162.863,194.9894,171.6,198.0,237.6,60.64,20.01,18.515,17.549,88.31760866327846,99.498743710662,89.44271909999159,88.31760866327846,99.498743710662,89.44271909999159
2043-11-30,15943.7574,14394.5391,14394.5391,23984.6979,23984.6979,17874.9873,143.7777,172.937,207.0506,21.45,24.75,29.7,7.58,23.49,21.735,20.601,88.31760866327846,99.498743710662,89.44271909999159,88.31760866327846,99.498743710662,89.44271909999159
2043-12-31,16096.87003,14169.26498,14169.26498,24016.83262,24016.83262,17428.50578,143.7777,172.937,207.0506,171.6,198.0,237.6,60.64,20.532,18.998,18.0068,88.31760866327846,99.498743710662,89.44271909999159,88.31760866327846,99.498743710662,89.44271909999159
2044-01-31,17194.93566,15294.83059,15294.83059,25790.63575,25790.63575,18899.03728,136.2074,165.094,199.0052,66.3,76.5,91.8,22.92,14.365,13.345,12.648,88.31760866327846,99.498743710662,89.44271909999159,88.31760866327846,99.498743710662,89.44271909999159
2044-02-29,17913.6169,16477.3551,16477.3551,27243.00141,27243.00141,20634.85032,119.357,144.67,174.386,0.0,0.0,0.0,0.0,11.83,10.99,10.416,88.31760866327846,99.498743710662,89.44271909999159,88.31760866327846,99.498743710662,89.44271909999159
2044-03-31,17740.03532,17852.3624,17852.3624,27959.71102,27959.71102,23096.37572,130.5906,158.286,190.7988,110.5,127.5,153.0,38.2,13.013,12.089,11.4576,88.31760866327846,99.498743710662,89.44271909999159,88.31760866327846,99.498743710662,89.44271909999159
2044-04-30,19020.48,20102.4672,20102.4672,30593.8176,30593.8176,26440.4352,146.0368,177.008,213.3664,243.1,280.5,336.6,84.04,13.858,12.874,12.2016,88.31760866327846,99.498743710662,89.44271909999159,88.31760866327846,99.498743710662,89.44271909999159
2044-05-31,18974.59892,21051.12331,21051.12331,31147.84018,31147.84018,28119.20813,155.8662,188.922,227.7276,353.6,408.0,489.6,122.24,16.393,15.229,14.4336,88.31760866327846,99.498743710662,89.44271909999159,88.31760866327846,99.498743710662,89.44271909999159
2044-06-30,18154.60056,20977.97436,20977.97436,30321.99468,30321.99468,28371.39228,141.8242,171.902,207.2116,243.1,280.5,336.6,84.04,16.393,15.229,14.4336,88.31760866327846,99.498743710662,89.44271909999159,88.31760866327846,99.498743710662,89.44271909999159
2044-07-31,18738.87628,20736.7375,20736.7375,30762.75018,30762.75018,27711.74797,146.0368,177.008,213.3664,419.9,484.5,581.4,145.16,17.069,15.857,15.0288,88.31760866327846,99.498743710662,89.44271909999159,88.31760866327846,99.498743710662,89.44271909999159
2044-08-31,16682.28544,18446.45923,18446.45923,27392.94912,27392.94912,24660.11461,147.441,178.71,215.418,265.2,306.0,367.2,91.68,18.928,17.584,16.6656,88.31760866327846,99.498743710662,89.44271909999159,88.31760866327846,99.498743710662,89.44271909999159
2044-09-30,13913.523,14974.8507,14974.8507,22618.1439,22618.1439,19865.8269,137.6116,166.796,201.0568,154.7,178.5,214.2,53.48,18.59,17.27,16.368,88.31760866327846,99.498743710662,89.44271909999159,88.31760866327846,99.498743710662,89.44271909999159
2044-10-31,17794.54758,16919.11081,16919.11081,27645.51579,27645.51579,21530.85991,136.2074,165.094,199.0052,176.8,204.0,244.8,61.12,19.435,18.055,17.112,88.31760866327846,99.498743710662,89.44271909999159,88.31760866327846,99.498743710662,89.44271909999159
2044-11-30,16264.91052,14691.1467,14691.1467,24849.54966,24849.54966,18339.60978,144.6326,175.306,211.3148,22.1,25.5,30.6,7.64,22.815,21.195,20.088,88.31760866327846,99.498743710662,89.44271909999159,88.31760866327846,99.498743710662,89.44271909999159
2044-12-31,16402.46506,14446.65571,14446.65571,24879.79301,24879.79301,17858.31235,144.6326,175.306,211.3148,176.8,204.0,244.8,61.12,19.942,18.526,17.5584,88.31760866327846,99.498743710662,89.44271909999159,88.31760866327846,99.498743710662,89.44271909999159
2045-01-31,17528.70597,15600.02534,15600.02534,26714.7641,26714.7641,19374.13039,137.0125,167.325,203.021,68.25,78.75,94.5,23.1,13.94,13.005,12.325,88.31760866327846,99.498743710662,89.44271909999159,88.31760866327846,99.498743710662,89.44271909999159
2045-02-28,18287.59296,16826.76688,16826.76688,28216.94176,28216.94176,21186.09528,120.0625,146.625,177.905,0.0,0.0,0.0,0.0,11.48,10.71,10.15,88.31760866327846,99.498743710662,89.44271909999159,88.31760866327846,99.498743710662,89.44271909999159
2045-03-31,18185.36248,18287.98258,18287.98258,28958.18804,28958.18804,23802.41014,131.3625,160.425,194.649,113.75,131.25,157.5,38.5,12.628,11.781,11.165,88.31760866327846,99.498743710662,89.44271909999159,88.31760866327846,99.498743710662,89.44271909999159
2045-04-30,19544.2656,20625.00864,20625.00864,31684.2576,31684.2576,27296.68656,146.9,179.4,217.672,250.25,288.75,346.5,84.7,13.448,12.546,11.89,88.31760866327846,99.498743710662,89.44271909999159,88.31760866327846,99.498743710662,89.44271909999159
2045-05-31,19544.91807,21629.69268,21629.69268,32255.89351,32255.89351,29075.91401,156.7875,191.475,232.323,364.0,420.0,504.0,123.2,15.908,14.841,14.065,88.31760866327846,99.498743710662,89.44271909999159,88.31760866327846,99.498743710662,89.44271909999159
2045-06-30,18740.00232,21579.22692,21579.22692,31398.42996,31398.42996,29372.14116,142.6625,174.225,211.393,250.25,288.75,346.5,84.7,15.908,14.841,14.065,88.31760866327846,99.498743710662,89.44271909999159,88.31760866327846,99.498743710662,89.44271909999159
2045-07-31,19297.159,21302.7102,21302.7102,31850.60466,31850.60466,28647.28259,146.9,179.4,217.672,432.25,498.75,598.5,146.3,16.564,15.453,14.645,88.31760866327846,99.498743710662,89.44271909999159,88.31760866327846,99.498743710662,89.44271909999159
2045-08-31,17177.55136,18948.45389,18948.45389,28358.78016,28358.78016,25489.81299,148.3125,181.125,219.765,273.0,315.0,378.0,92.4,18.368,17.136,16.24,88.31760866327846,99.498743710662,89.44271909999159,88.31760866327846,99.498743710662,89.44271909999159
2045-09-30,14305.85532,15368.92758,15368.92758,23412.83166,23412.83166,20513.9817,138.425,169.05,205.114,159.25,183.75,220.5,53.9,18.04,16.83,15.95,88.31760866327846,99.498743710662,89.44271909999159,88.31760866327846,99.498743710662,89.44271909999159
2045-10-31,18187.40339,17293.08538,17293.08538,28611.49266,28611.49266,22127.50996,137.0125,167.325,203.021,182.0,210.0,252.0,61.6,18.86,17.595,16.675,88.31760866327846,99.498743710662,89.44271909999159,88.31760866327846,99.498743710662,89.44271909999159
2045-11-30,16586.06364,14987.7543,14987.7543,25714.40142,25714.40142,18804.23226,145.4875,177.675,215.579,22.75,26.25,31.5,7.7,22.14,20.655,19.575,88.31760866327846,99.498743710662,89.44271909999159,88.31760866327846,99.498743710662,89.44271909999159
2045-12-31,16708.06008,14724.04644,14724.04644,25742.7534,25742.7534,18288.11892,145.4875,177.675,215.579,182.0,210.0,252.0,61.6,19.352,18.054,17.11,88.31760866327846,99.498743710662,89.44271909999159,88.31760866327846,99.498743710662,89.44271909999159
2046-01-31,17862.47627,15905.2201,15905.2201,27638.89246,27638.89246,19849.22349,137.8176,169.556,207.0368,70.2,81.0,97.2,23.28,13.515,12.665,12.002,88.31760866327846,99.498743710662,89.44271909999159,88.31760866327846,99.498743710662,89.44271909999159
2046-02-28,19328.05363,17789.61361,17789.61361,30233.41362,30233.41362,22513.67382,120.768,148.58,181.424,0.0,0.0,0.0,0.0,11.13,10.43,9.884,88.31760866327846,99.498743710662,89.44271909999159,88.31760866327846,99.498743710662,89.44271909999159
2046-03-31,18630.68963,18723.60277,18723.60277,29956.66505,29956.66505,24508.44457,132.1344,162.564,198.4992,117.0,135.0,162.0,38.8,12.243,11.473,10.8724,88.31760866327846,99.498743710662,89.44271909999159,88.31760866327846,99.498743710662,89.44271909999159
2046-04-30,20068.0512,21147.55008,21147.55008,32774.6976,32774.6976,28152.93792,147.7632,181.792,221.9776,257.4,297.0,356.4,85.36,13.038,12.218,11.5784,88.31760866327846,99.498743710662,89.44271909999159,88.31760866327846,99.498743710662,89.44271909999159
2046-05-31,20115.23722,22208.26205,22208.26205,33363.94685,33363.94685,30032.61989,157.7088,194.028,236.9184,374.4,432.0,518.4,124.16,15.423,14.453,13.6964,88.31760866327846,99.498743710662,89.44271909999159,88.31760866327846,99.498743710662,89.44271909999159
2046-06-30,19325.40408,22180.47948,22180.47948,32474.86524,32474.86524,30372.89004,143.5008,176.548,215.5744,257.4,297.0,356.4,85.36,15.423,14.453,13.6964,88.31760866327846,99.498743710662,89.44271909999159,88.31760866327846,99.498743710662,89.44271909999159
2046-07-31,19855.44172,21868.6829,21868.6829,32938.45914,32938.45914,29582.81721,147.7632,181.792,221.9776,444.6,513.0,615.6,147.44,16.059,15.049,14.2612,88.31760866327846,99.498743710662,89.44271909999159,88.31760866327846,99.498743710662,89.44271909999159
2046-08-31,17672.81728,19450.44854,19450.44854,29324.6112,29324.6112,26319.51138,149.184,183.54,224.112,280.8,324.0,388.8,93.12,17.808,16.688,15.8144,88.31760866327846,99.498743710662,89.44271909999159,88.31760866327846,99.498743710662,89.44271909999159
2046-09-30,14698.18764,15763.00446,15763.00446,24207.51942,24207.51942,21162.1365,139.2384,171.304,209.1712,163.8,189.0,226.8,54.32,17.49,16.39,15.532,88.31760866327846,99.498743710662,89.44271909999159,88.31760866327846,99.498743710662,89.44271909999159
2046-10-31,18580.2592,17667.05996,17667.05996,29577.46952,29577.46952,22724.16002,137.8176,169.556,207.0368,187.2,216.0,259.2,62.08,18.285,17.135,16.238,88.31760866327846,99.498743710662,89.44271909999159,88.31760866327846,99.498743710662,89.44271909999159
2046-11-30,16907.21676,15284.3619,15284.3619,26579.25318,26579.25318,19268.85474,146.3424,180.044,219.8432,23.4,27.0,32.4,7.76,21.465,20.115,19.062,88.31760866327846,99.498743710662,89.44271909999159,88.31760866327846,99.498743710662,89.44271909999159
2046-12-31,17013.6551,15001.43717,15001.43717,26605.71379,26605.71379,18717.92549,146.3424,180.044,219.8432,187.2,216.0,259.2,62.08,18.762,17.582,16.6616,88.31760866327846,99.498743710662,89.44271909999159,88.31760866327846,99.498743710662,89.44271909999159
2047-01-31,18196.24658,16210.41485,16210.41485,28563.02081,28563.02081,20324.3166,138.6227,171.787,211.0526,72.15,83.25,99.9,23.46,13.09,12.325,11.679,88.31760866327846,99.498743710662,89.44271909999159,88.31760866327846,99.498743710662,89.44271909999159
2047-02-28,19035.54509,17525.59043,17525.59043,30164.82246,30164.82246,22288.5852,121.4735,150.535,184.943,0.0,0.0,0.0,0.0,10.78,10.15,9.618,88.31760866327846,99.498743710662,89.44271909999159,88.31760866327846,99.498743710662,89.44271909999159
2047-03-31,19076.01678,19159.22295,19159.22295,30955.14207,30955.14207,25214.47899,132.9063,164.703,202.3494,120.25,138.75,166.5,39.1,11.858,11.165,10.5798,88.31760866327846,99.498743710662,89.44271909999159,88.31760866327846,99.498743710662,89.44271909999159
2047-04-30,20591.8368,21670.09152,21670.09152,33865.1376,33865.1376,29009.18928,148.6264,184.184,226.2832,264.55,305.25,366.3,86.02,12.628,11.89,11.2668,88.31760866327846,99.498743710662,89.44271909999159,88.31760866327846,99.498743710662,89.44271909999159
2047-05-31,20685.55637,22786.83142,22786.83142,34472.00019,34472.00019,30989.32577,158.6301,196.581,241.5138,384.8,444.0,532.8,125.12,14.938,14.065,13.3278,88.31760866327846,99.498743710662,89.44271909999159,88.31760866327846,99.498743710662,89.44271909999159
2047-06-30,19910.80584,22781.73204,22781.73204,33551.30052,33551.30052,31373.63892,144.3391,178.871,219.7558,264.55,305.25,366.3,86.02,14.938,14.065,13.3278,88.31760866327846,99.498743710662,89.44271909999159,88.31760866327846,99.498743710662,89.44271909999159
2047-07-31,20413.72444,22434.65561,22434.65561,34026.31362,34026.31362,30518.35182,148.6264,184.184,226.2832,456.95,527.25,632.7,148.58,15.554,14.645,13.8774,88.31760866327846,99.498743710662,89.44271909999159,88.31760866327846,99.498743710662,89.44271909999159
2047-08-31,18168.0832,19952.4432,19952.4432,30290.44224,30290.44224,27149.20976,150.0555,185.955,228.459,288.6,333.0,399.6,93.84,17.248,16.24,15.3888,88.31760866327846,99.498743710662,89.44271909999159,88.31760866327846,99.498743710662,89.44271909999159
2047-09-30,15090.51996,16157.08134,16157.08134,25002.20718,25002.20718,21810.2913,140.0518,173.558,213.2284,168.35,194.25,233.1,54.74,16.94,15.95,15.114,88.31760866327846,99.498743710662,89.44271909999159,88.31760866327846,99.498743710662,89.44271909999159
2047-10-31,18973.11501,18041.03454,18041.03454,30543.44638,30543.44638,23320.81008,138.6227,171.787,211.0526,192.4,222.0,266.4,62.56,17.71,16.675,15.801,88.31760866327846,99.498743710662,89.44271909999159,88.31760866327846,99.498743710662,89.44271909999159
2047-11-30,17228.36988,15580.9695,15580.9695,27444.10494,27444.10494,19733.47722,147.1973,182.413,224.1074,24.05,27.75,33.3,7.82,20.79,19.575,18.549,88.31760866327846,99.498743710662,89.44271909999159,88.31760866327846,99.498743710662,89.44271909999159
2047-12-31,17319.25013,15278.8279,15278.8279,27468.67418,27468.67418,19147.73206,147.1973,182.413,224.1074,192.4,222.0,266.4,62.56,18.172,17.11,16.2132,88.31760866327846,99.498743710662,89.44271909999159,88.31760866327846,99.498743710662,89.44271909999159
2048-01-31,18530.01688,16515.6096,16515.6096,29487.14916,29487.14916,20799.4097,139.4278,174.018,215.0684,74.1,85.5,102.6,23.64,12.665,11.985,11.356,88.31760866327846,99.498743710662,89.44271909999159,88.31760866327846,99.498743710662,89.44271909999159
2048-02-29,19409.52115,17875.00221,17875.00221,31138.76282,31138.76282,22839.83016,122.179,152.49,188.462,0.0,0.0,0.0,0.0,10.43,9.87,9.352,88.31760866327846,99.498743710662,89.44271909999159,88.31760866327846,99.498743710662,89.44271909999159
2048-03-31,19521.34393,19594.84313,19594.84313,31953.61909,31953.61909,25920.51341,133.6782,166.842,206.1996,123.5,142.5,171.0,39.4,11.473,10.857,10.2872,88.31760866327846,99.498743710662,89.44271909999159,88.31760866327846,99.498743710662,89.44271909999159
2048-04-30,21115.6224,22192.63296,22192.63296,34955.5776,34955.5776,29865.44064,149.4896,186.576,230.5888,271.7,313.5,376.2,86.68,12.218,11.562,10.9552,88.31760866327846,99.498743710662,89.44271909999159,88.31760866327846,99.498743710662,89.44271909999159
2048-05-31,21255.87552,23365.40079,23365.40079,35580.05352,35580.05352,31946.03165,159.5514,199.134,246.1092,395.2,456.0,547.2,126.08,14.453,13.677,12.9592,88.31760866327846,99.498743710662,89.44271909999159,88.31760866327846,99.498743710662,89.44271909999159
2048-06-30,20496.2076,23382.9846,23382.9846,34627.7358,34627.7358,32374.3878,145.1774,181.194,223.9372,271.7,313.5,376.2,86.68,14.453,13.677,12.9592,88.31760866327846,99.498743710662,89.44271909999159,88.31760866327846,99.498743710662,89.44271909999159
2048-07-31,20972.00716,23000.62831,23000.62831,35114.1681,35114.1681,31453.88644,149.4896,186.576,230.5888,469.3,541.5,649.8,149.72,15.049,14.241,13.4936,88.31760866327846,99.498743710662,89.44271909999159,88.31760866327846,99.498743710662,89.44271909999159
2048-08-31,18663.34912,20454.43786,20454.43786,31256.27328,31256.27328,27978.90814,150.927,188.37,232.806,296.4,342.0,410.4,94.56,16.688,15.792,14.9632,88.31760866327846,99.498743710662,89.44271909999159,88.31760866327846,99.498743710662,89.44271909999159
2048-09-30,15482.85228,16551.15822,16551.15822,25796.89494,25796.89494,22458.4461,140.8652,175.812,217.2856,172.9,199.5,239.4,55.16,16.39,15.51,14.696,88.31760866327846,99.498743710662,89.44271909999159,88.31760866327846,99.498743710662,89.44271909999159
2048-10-31,19365.97082,18415.00911,18415.00911,31509.42325,31509.42325,23917.46013,139.4278,174.018,215.0684,197.6,228.0,273.6,63.04,17.135,16.215,15.364,88.31760866327846,99.498743710662,89.44271909999159,88.31760866327846,99.498743710662,89.44271909999159
2048-11-30,17549.523,15877.5771,15877.5771,28308.9567,28308.9567,20198.0997,148.0522,184.782,228.3716,24.7,28.5,34.2,7.88,20.115,19.035,18.036,88.31760866327846,99.498743710662,89.44271909999159,88.31760866327846,99.498743710662,89.44271909999159
2048-12-31,17624.84515,15556.21862,15556.21862,28331.63458,28331.63458,19577.53862,148.0522,184.782,228.3716,197.6,228.0,273.6,63.04,17.582,16.638,15.7648,88.31760866327846,99.498743710662,89.44271909999159,88.31760866327846,99.498743710662,89.44271909999159
2049-01-31,18863.78718,16820.80435,16820.80435,30411.27751,30411.27751,21274.5028,140.2329,176.249,219.0842,76.05,87.75,105.3,23.82,12.24,11.645,11.033,88.31760866327846,99.498743710662,89.44271909999159,88.31760866327846,99.498743710662,89.44271909999159
2049-02-28,19783.49722,18224.41398,18224.41398,32112.70317,32112.70317,23391.07512,122.8845,154.445,191.981,0.0,0.0,0.0,0.0,10.08,9.59,9.086,88.31760866327846,99.498743710662,89.44271909999159,88.31760866327846,99.498743710662,89.44271909999159
2049-03-31,19966.67108,20030.46332,20030.46332,32952.0961,32952.0961,26626.54784,134.4501,168.981,210.0498,126.75,146.25,175.5,39.7,11.088,10.549,9.9946,88.31760866327846,99.498743710662,89.44271909999159,88.31760866327846,99.498743710662,89.44271909999159
2049-04-30,21639.408,22715.1744,22715.1744,36046.0176,36046.0176,30721.692,150.3528,188.968,234.8944,278.85,321.75,386.1,87.34,11.808,11.234,10.6436,88.31760866327846,99.498743710662,89.44271909999159,88.31760866327846,99.498743710662,89.44271909999159
2049-05-31,21826.19468,23943.97015,23943.97015,36688.10686,36688.10686,32902.73753,160.4727,201.687,250.7046,405.6,468.0,561.6,127.04,13.968,13.289,12.5906,88.31760866327846,99.498743710662,89.44271909999159,88.31760866327846,99.498743710662,89.44271909999159
2049-06-30,21081.60936,23984.23716,23984.23716,35704.17108,35704.17108,33375.13668,146.0157,183.517,228.1186,278.85,321.75,386.1,87.34,13.968,13.289,12.5906,88.31760866327846,99.498743710662,89.44271909999159,88.31760866327846,99.498743710662,89.44271909999159
2049-07-31,21530.28988,23566.60102,23566.60102,36202.02258,36202.02258,32389.42105,150.3528,188.968,234.8944,481.65,555.75,666.9,150.86,14.544,13.837,13.1098,88.31760866327846,99.498743710662,89.44271909999159,88.31760866327846,99.498743710662,89.44271909999159
2049-08-31,19158.61504,20956.43251,20956.43251,32222.10432,32222.10432,28808.60653,151.7985,190.785,237.153,304.2,351.0,421.2,95.28,16.128,15.344,14.5376,88.31760866327846,99.498743710662,89.44271909999159,88.31760866327846,99.498743710662,89.44271909999159
2049-09-30,15875.1846,16945.2351,16945.2351,26591.5827,26591.5827,23106.6009,141.6786,178.066,221.3428,177.45,204.75,245.7,55.58,15.84,15.07,14.278,88.31760866327846,99.498743710662,89.44271909999159,88.31760866327846,99.498743710662,89.44271909999159
2049-10-31,19758.82662,18788.98369,18788.98369,32475.40011,32475.40011,24514.11019,140.2329,176.249,219.0842,202.8,234.0,280.8,63.52,16.56,15.755,14.927,88.31760866327846,99.498743710662,89.44271909999159,88.31760866327846,99.498743710662,89.44271909999159
2049-11-30,17870.67612,16174.1847,16174.1847,29173.80846,29173.80846,20662.72218,148.9071,187.151,232.6358,25.35,29.25,35.1,7.94,19.44,18.495,17.523,88.31760866327846,99.498743710662,89.44271909999159,88.31760866327846,99.498743710662,89.44271909999159
2049-12-31,17930.44018,15833.60935,15833.60935,29194.59497,29194.59497,20007.34519,148.9071,187.151,232.6358,202.8,234.0,280.8,63.52,16.992,16.166,15.3164,88.31760866327846,99.498743710662,89.44271909999159,88.31760866327846,99.498743710662,89.44271909999159
2050-01-31,19197.55749,17125.9991,17125.9991,31335.40586,31335.40586,21749.59591,141.038,178.48,223.1,78.0,90.0,108.0,24.0,11.815,11.305,10.71,88.31760866327846,99.498743710662,89.44271909999159,88.31760866327846,99.498743710662,89.44271909999159
2050-02-28,20157.47328,18573.82576,18573.82576,33086.64352,33086.64352,23942.32008,123.59,156.4,195.5,0.0,0.0,0.0,0.0,9.73,9.31,8.82,88.31760866327846,99.498743710662,89.44271909999159,88.31760866327846,99.498743710662,89.44271909999159
2050-03-31,20411.99824,20466.0835,20466.0835,33950.57312,33950.57312,27332.58226,135.222,171.12,213.9,130.0,150.0,180.0,40.0,10.703,10.241,9.702,88.31760866327846,99.498743710662,89.44271909999159,88.31760866327846,99.498743710662,89.44271909999159
2050-04-30,22163.1936,23237.71584,23237.71584,37136.4576,37136.4576,31577.94336,151.216,191.36,239.2,286.0,330.0,396.0,88.0,11.398,10.906,10.332,88.31760866327846,99.498743710662,89.44271909999159,88.31760866327846,99.498743710662,89.44271909999159
2050-05-31,22396.51383,24522.53952,24522.53952,37796.16019,37796.16019,33859.44341,161.394,204.24,255.3,416.0,480.0,576.0,128.0,13.483,12.901,12.222,88.31760866327846,99.498743710662,89.44271909999159,88.31760866327846,99.498743710662,89.44271909999159
2050-06-30,21667.01112,24585.48972,24585.48972,36780.60636,36780.60636,34375.88556,146.854,185.84,232.3,286.0,330.0,396.0,88.0,13.483,12.901,12.222,88.31760866327846,99.498743710662,89.44271909999159,88.31760866327846,99.498743710662,89.44271909999159
2050-07-31,22088.5726,24132.57372,24132.57372,37289.87706,37289.87706,33324.95567,151.216,191.36,239.2,494.0,570.0,684.0,152.0,14.039,13.433,12.726,88.31760866327846,99.498743710662,89.44271909999159,88.31760866327846,99.498743710662,89.44271909999159
2050-08-31,19653.88096,21458.42717,21458.42717,33187.93536,33187.93536,29638.30491,152.67,193.2,241.5,312.0,360.0,432.0,96.0,15.568,14.896,14.112,88.31760866327846,99.498743710662,89.44271909999159,88.31760866327846,99.498743710662,89.44271909999159
2050-09-30,16267.51692,17339.31198,17339.31198,27386.27046,27386.27046,23754.7557,142.492,180.32,225.4,182.0,210.0,252.0,56.0,15.29,14.63,13.86,88.31760866327846,99.498743710662,89.44271909999159,88.31760866327846,99.498743710662,89.44271909999159
2050-10-31,20151.68243,19162.95826,19162.95826,33441.37698,33441.37698,25110.76024,141.038,178.48,223.1,208.0,240.0,288.0,64.0,15.985,15.295,14.49,88.31760866327846,99.498743710662,89.44271909999159,88.31760866327846,99.498743710662,89.44271909999159
2050-11-30,18191.82924,16470.7923,16470.7923,30038.66022,30038.66022,21127.34466,149.762,189.52,236.9,26.0,30.0,36.0,8.0,18.765,17.955,17.01,88.31760866327846,99.498743710662,89.44271909999159,88.31760866327846,99.498743710662,89.44271909999159
2050-12-31,18236.0352,16111.00008,16111.00008,30057.55536,30057.55536,20437.15176,149.762,189.52,236.9,208.0,240.0,288.0,64.0,16.402,15.694,14.868,88.31760866327846,99.498743710662,89.44271909999159,88.31760866327846,99.498743710662,89.44271909999159
