Date,TTF
2021-01-04,19.84499931335449
2021-01-05,18.0049991607666
2021-01-06,17.565000534057617
2021-01-07,19.30500030517578
2021-01-08,20.1200008392334
2021-01-11,22.125
2021-01-12,26.155000686645508
2021-01-13,21.5
2021-01-14,21.334999084472656
2021-01-15,20.200000762939453
2021-01-19,20.325000762939453
2021-01-20,20.26000022888184
2021-01-21,20.065000534057617
2021-01-22,21.48500061035156
2021-01-25,20.15999984741211
2021-01-26,19.51000022888184
2021-01-27,19.700000762939453
2021-01-28,20.90999984741211
2021-01-29,19.81999969482422
2021-02-01,18.13999938964844
2021-02-02,18.25
2021-02-03,17.854999542236328
2021-02-04,18.1200008392334
2021-02-05,18.3799991607666
2021-02-08,20.18000030517578
2021-02-09,19.045000076293945
2021-02-10,18.559999465942383
2021-02-11,17.375
2021-02-12,17.6200008392334
2021-02-16,16.71500015258789
2021-02-17,16.540000915527344
2021-02-18,17.329999923706055
2021-02-19,16.55500030517578
2021-02-22,15.960000038146973
2021-02-23,16.25
2021-02-24,16.3799991607666
2021-02-25,15.9350004196167
2021-02-26,15.69499969482422
2021-03-01,16.079999923706055
2021-03-02,15.869999885559082
2021-03-03,15.524999618530272
2021-03-04,15.93000030517578
2021-03-05,16.364999771118164
2021-03-08,16.149999618530273
2021-03-09,16.924999237060547
2021-03-10,17.6299991607666
2021-03-11,18.125
2021-03-12,18.450000762939453
2021-03-15,17.93000030517578
2021-03-16,17.65999984741211
2021-03-17,17.969999313354492
2021-03-18,17.760000228881836
2021-03-19,17.264999389648438
2021-03-22,18.045000076293945
2021-03-23,18.38999938964844
2021-03-24,18.59000015258789
2021-03-25,18.364999771118164
2021-03-26,18.700000762939453
2021-03-29,18.44499969482422
2021-03-30,18.80500030517578
2021-03-31,18.9950008392334
2021-04-01,19.170000076293945
2021-04-05,19.170000076293945
2021-04-06,19.780000686645508
2021-04-07,19.28499984741211
2021-04-08,18.989999771118164
2021-04-09,18.940000534057617
2021-04-12,19.649999618530277
2021-04-13,19.51000022888184
2021-04-14,19.68000030517578
2021-04-15,20.26000022888184
2021-04-16,20.540000915527344
2021-04-19,20.940000534057617
2021-04-20,21.065000534057617
2021-04-21,21.11000061035156
2021-04-22,21.3700008392334
2021-04-23,20.045000076293945
2021-04-26,20.0
2021-04-27,21.405000686645508
2021-04-28,21.55500030517578
2021-04-29,22.5
2021-04-30,23.28499984741211
2021-05-03,23.815000534057617
2021-05-04,23.049999237060547
2021-05-05,23.959999084472656
2021-05-06,24.32999992370605
2021-05-07,23.940000534057617
2021-05-10,25.190000534057617
2021-05-11,25.80500030517578
2021-05-12,26.420000076293945
2021-05-13,26.25
2021-05-14,26.82999992370605
2021-05-17,26.309999465942383
2021-05-18,24.809999465942383
2021-05-19,22.665000915527344
2021-05-20,24.684999465942383
2021-05-21,24.795000076293945
2021-05-24,24.76000022888184
2021-05-25,26.190000534057617
2021-05-26,26.424999237060547
2021-05-27,25.200000762939453
2021-05-28,24.93000030517578
2021-06-01,25.975000381469727
2021-06-02,25.725000381469727
2021-06-03,25.70499992370605
2021-06-04,25.795000076293945
2021-06-07,26.489999771118164
2021-06-08,27.799999237060547
2021-06-09,28.299999237060547
2021-06-10,28.684999465942383
2021-06-11,27.84499931335449
2021-06-14,28.809999465942383
2021-06-15,28.13500022888184
2021-06-16,28.030000686645508
2021-06-17,28.309999465942383
2021-06-18,29.405000686645508
2021-06-21,29.614999771118164
2021-06-22,30.73500061035156
2021-06-23,31.545000076293945
2021-06-24,32.01499938964844
2021-06-25,32.3849983215332
2021-06-28,32.28900146484375
2021-06-29,33.48600006103516
2021-06-30,34.62200164794922
2021-07-01,36.14300155639648
2021-07-02,35.82699966430664
2021-07-06,34.10499954223633
2021-07-07,32.3380012512207
2021-07-08,33.3120002746582
2021-07-09,36.63199996948242
2021-07-12,34.64899826049805
2021-07-13,35.4630012512207
2021-07-14,34.775001525878906
2021-07-15,33.797000885009766
2021-07-16,34.84199905395508
2021-07-19,35.64899826049805
2021-07-20,35.165000915527344
2021-07-21,35.94900131225586
2021-07-22,36.12900161743164
2021-07-23,35.52299880981445
2021-07-26,36.91400146484375
2021-07-27,37.59000015258789
2021-07-28,39.698001861572266
2021-07-29,41.15399932861328
2021-07-30,40.75600051879883
2021-08-02,42.15299987792969
2021-08-03,41.24300003051758
2021-08-04,42.25299835205078
2021-08-05,42.89899826049805
2021-08-06,43.11800003051758
2021-08-09,42.7859992980957
2021-08-10,44.65499877929688
2021-08-11,45.98600006103516
2021-08-12,45.87099838256836
2021-08-13,44.62799835205078
2021-08-16,47.98799896240234
2021-08-17,46.94900131225586
2021-08-18,45.3849983215332
2021-08-19,40.39500045776367
2021-08-20,41.94400024414063
2021-08-23,41.68000030517578
2021-08-24,44.869998931884766
2021-08-25,45.28499984741211
2021-08-26,45.78799819946289
2021-08-27,47.805999755859375
2021-08-30,49.67900085449219
2021-08-31,50.3380012512207
2021-09-01,50.23199844360352
2021-09-02,51.91600036621094
2021-09-03,51.505001068115234
2021-09-07,53.90800094604492
2021-09-08,55.28799819946289
2021-09-09,56.58100128173828
2021-09-10,57.91600036621094
2021-09-13,61.27899932861328
2021-09-14,65.76399993896484
2021-09-15,70.70700073242188
2021-09-16,63.2509994506836
2021-09-17,65.10299682617188
2021-09-20,75.31700134277344
2021-09-21,73.78199768066406
2021-09-22,71.69200134277344
2021-09-23,69.68399810791016
2021-09-24,70.23999786376953
2021-09-27,76.50700378417969
2021-09-28,78.56500244140625
2021-09-29,86.60900115966797
2021-09-30,97.77400207519533
2021-10-01,93.625
2021-10-04,96.6520004272461
2021-10-05,116.0199966430664
2021-10-06,108.19100189208984
2021-10-07,96.58399963378906
2021-10-08,87.60600280761719
2021-10-11,85.21600341796875
2021-10-12,85.697998046875
2021-10-13,93.61599731445312
2021-10-14,102.1719970703125
2021-10-15,93.64800262451172
2021-10-18,93.93299865722656
2021-10-19,89.93199920654297
2021-10-20,93.45099639892578
2021-10-21,88.46299743652344
2021-10-22,87.33799743652344
2021-10-25,88.64299774169922
2021-10-26,88.49299621582031
2021-10-27,86.81900024414062
2021-10-28,77.03199768066406
2021-10-29,64.86399841308594
2021-11-01,65.61900329589844
2021-11-02,67.60600280761719
2021-11-03,76.54199981689453
2021-11-04,73.3759994506836
2021-11-05,74.0270004272461
2021-11-08,79.0739974975586
2021-11-09,72.58699798583984
2021-11-10,70.12300109863281
2021-11-11,74.79000091552734
2021-11-12,75.67500305175781
2021-11-15,79.9469985961914
2021-11-16,94.18900299072266
2021-11-17,95.00399780273438
2021-11-18,95.16699981689452
2021-11-19,87.125
2021-11-22,84.01699829101562
2021-11-23,90.927001953125
2021-11-24,93.98400115966795
2021-11-26,87.77200317382812
2021-11-29,93.14600372314452
2021-11-30,92.51300048828124
2021-12-01,95.6750030517578
2021-12-02,94.83000183105467
2021-12-03,89.47799682617188
2021-12-06,89.9280014038086
2021-12-07,95.88300323486328
2021-12-08,101.5019989013672
2021-12-09,100.44499969482422
2021-12-10,105.7760009765625
2021-12-13,116.08399963378906
2021-12-14,128.30099487304688
2021-12-15,132.28399658203125
2021-12-16,142.76499938964844
2021-12-17,136.91299438476562
2021-12-20,146.92599487304688
2021-12-21,180.2669982910156
2021-12-22,172.875
2021-12-23,132.57899475097656
2021-12-27,106.89299774169922
2021-12-28,106.58999633789062
2021-12-29,96.47599792480467
2021-12-30,87.0270004272461
2021-12-31,70.34300231933594
2022-01-03,80.43399810791016
2022-01-04,88.74099731445312
2022-01-05,91.52200317382812
2022-01-06,96.5019989013672
2022-01-07,88.17400360107422
2022-01-10,84.60700225830078
2022-01-11,78.73600006103516
2022-01-12,75.15299987792969
2022-01-13,85.45999908447266
2022-01-14,86.97000122070312
2022-01-18,78.33399963378906
2022-01-19,75.60199737548828
2022-01-20,75.2030029296875
2022-01-21,78.9800033569336
2022-01-24,93.0
2022-01-25,93.58200073242188
2022-01-26,91.83699798583984
2022-01-27,92.3010025024414
2022-01-28,92.06199645996094
2022-01-31,84.6719970703125
2022-02-01,76.16699981689453
2022-02-02,77.35099792480469
2022-02-03,80.2229995727539
2022-02-04,82.6520004272461
2022-02-07,79.59500122070312
2022-02-08,77.30000305175781
2022-02-09,74.41699981689453
2022-02-10,74.35299682617188
2022-02-11,77.4260025024414
2022-02-14,80.77100372314453
2022-02-15,70.91899871826172
2022-02-16,69.79499816894531
2022-02-17,74.91400146484375
2022-02-18,73.76200103759766
2022-02-22,79.78900146484375
2022-02-23,88.89099884033203
2022-02-24,134.3159942626953
2022-02-25,94.4219970703125
2022-02-28,98.59500122070312
2022-03-01,121.67400360107422
2022-03-02,165.54299926757812
2022-03-03,160.822998046875
2022-03-04,192.5500030517578
2022-03-07,227.2010040283203
2022-03-08,214.5540008544922
2022-03-09,155.8800048828125
2022-03-10,126.39900207519533
2022-03-11,131.22900390625
2022-03-14,114.52200317382812
2022-03-15,115.43900299072266
2022-03-16,102.6230010986328
2022-03-17,105.08799743652344
2022-03-18,105.04399871826172
2022-03-21,96.302001953125
2022-03-22,98.74700164794922
2022-03-23,117.0009994506836
2022-03-24,111.60800170898438
2022-03-25,101.2689971923828
2022-03-28,102.54499816894533
2022-03-29,108.38099670410156
2022-03-30,118.97000122070312
2022-03-31,125.90599822998048
2022-04-01,112.1500015258789
2022-04-04,109.52300262451172
2022-04-05,108.56400299072266
2022-04-06,106.79100036621094
2022-04-07,104.56400299072266
2022-04-08,103.88200378417967
2022-04-11,100.13700103759766
2022-04-12,102.21900177001952
2022-04-13,105.3239974975586
2022-04-14,95.62000274658205
2022-04-18,95.62000274658205
2022-04-19,93.76799774169922
2022-04-20,94.2310028076172
2022-04-21,100.06099700927734
2022-04-22,94.875
2022-04-25,92.83699798583984
2022-04-26,103.20800018310548
2022-04-27,107.427001953125
2022-04-28,100.14199829101562
2022-04-29,99.4499969482422
2022-05-02,97.0510025024414
2022-05-03,99.4260025024414
2022-05-04,103.8209991455078
2022-05-05,106.50800323486328
2022-05-06,101.70800018310548
2022-05-09,93.78700256347656
2022-05-10,98.8010025024414
2022-05-11,94.01200103759766
2022-05-12,106.70099639892578
2022-05-13,96.88099670410156
2022-05-16,92.86000061035156
2022-05-17,94.1750030517578
2022-05-18,94.53800201416016
2022-05-19,91.02400207519533
2022-05-20,87.9020004272461
2022-05-23,83.28800201416016
2022-05-24,84.50700378417969
2022-05-25,88.0780029296875
2022-05-26,85.97100067138672
2022-05-27,86.875
2022-05-31,94.00399780273438
2022-06-01,85.5510025024414
2022-06-02,83.94499969482422
2022-06-03,83.10099792480469
2022-06-06,82.55799865722656
2022-06-07,79.60800170898438
2022-06-08,79.40699768066406
2022-06-09,84.87999725341797
2022-06-10,82.46399688720703
2022-06-13,83.4020004272461
2022-06-14,97.04000091552734
2022-06-15,120.33200073242188
2022-06-16,124.36399841308594
2022-06-17,117.73799896240234
2022-06-21,125.55999755859376
2022-06-22,127.1709976196289
2022-06-23,133.3470001220703
2022-06-24,128.5050048828125
2022-06-27,129.45899963378906
2022-06-28,129.17599487304688
2022-06-29,139.58799743652344
2022-06-30,144.51400756835938
2022-07-01,147.78399658203125
2022-07-05,165.072998046875
2022-07-06,170.99899291992188
2022-07-07,183.18299865722656
2022-07-08,175.21200561523438
2022-07-11,164.52000427246094
2022-07-12,172.60899353027344
2022-07-13,180.5050048828125
2022-07-14,175.0330047607422
2022-07-15,159.56700134277344
2022-07-18,157.25799560546875
2022-07-19,154.45700073242188
2022-07-20,155.03799438476562
2022-07-21,155.60000610351562
2022-07-22,159.86399841308594
2022-07-25,176.61599731445312
2022-07-26,199.91799926757807
2022-07-27,205.2250061035156
2022-07-28,198.92999267578125
2022-07-29,190.9149932861328
2022-08-01,200.79400634765625
2022-08-02,205.1739959716797
2022-08-03,199.19500732421875
2022-08-04,199.2480010986328
2022-08-05,196.32000732421875
2022-08-08,193.05499267578125
2022-08-09,192.1840057373047
2022-08-10,205.36700439453125
2022-08-11,208.1100006103516
2022-08-12,206.1080017089844
2022-08-15,220.1100006103516
2022-08-16,225.91400146484372
2022-08-17,225.8350067138672
2022-08-18,241.0039978027344
2022-08-19,244.5500030517578
2022-08-22,276.7479858398437
2022-08-23,269.04901123046875
2022-08-24,292.1499938964844
2022-08-25,321.4140014648437
2022-08-26,339.1960144042969
2022-08-29,272.6029968261719
2022-08-30,252.9369964599609
2022-08-31,239.9069976806641
2022-09-01,243.0039978027344
2022-09-02,214.6649932861328
2022-09-06,239.8419952392578
2022-09-07,213.88299560546875
2022-09-08,220.5410003662109
2022-09-09,207.09100341796875
2022-09-12,190.58799743652344
2022-09-13,198.61199951171875
2022-09-14,217.8820037841797
2022-09-15,214.2830047607422
2022-09-16,187.79299926757807
2022-09-19,182.26199340820312
2022-09-20,194.25900268554688
2022-09-21,189.781005859375
2022-09-22,187.46800231933597
2022-09-23,185.4949951171875
2022-09-26,173.83399963378906
2022-09-27,186.0989990234375
2022-09-28,207.1869964599609
2022-09-29,187.6649932861328
2022-09-30,188.8000030517578
2022-10-03,169.91200256347656
2022-10-04,161.9499969482422
2022-10-05,173.6929931640625
2022-10-06,175.71200561523438
2022-10-07,156.20700073242188
2022-10-10,154.1179962158203
2022-10-11,156.781005859375
2022-10-12,160.19000244140625
2022-10-13,153.8090057373047
2022-10-14,141.9969940185547
2022-10-17,127.97799682617188
2022-10-18,113.22200012207033
2022-10-19,112.51000213623048
2022-10-20,127.14700317382812
2022-10-21,113.57599639892578
2022-10-24,99.16999816894533
2022-10-25,99.79399871826172
2022-10-26,104.31999969482422
2022-10-27,107.38400268554688
2022-10-28,112.24400329589844
2022-10-31,123.35199737548828
2022-11-01,116.19300079345705
2022-11-02,125.86299896240234
2022-11-03,125.44499969482422
2022-11-04,114.78600311279295
2022-11-07,109.68299865722656
2022-11-08,118.14700317382812
2022-11-09,113.1439971923828
2022-11-10,113.4520034790039
2022-11-11,97.85299682617188
2022-11-14,113.7040023803711
2022-11-15,124.10399627685548
2022-11-16,113.9000015258789
2022-11-17,112.55599975585938
2022-11-18,115.50900268554688
2022-11-21,116.12799835205078
2022-11-22,119.63899993896484
2022-11-23,129.6199951171875
2022-11-25,124.37000274658205
2022-11-28,123.28199768066406
2022-11-29,132.28599548339844
2022-11-30,146.39700317382812
2022-12-01,139.25799560546875
2022-12-02,135.56199645996094
2022-12-05,134.69900512695312
2022-12-06,138.48800659179688
2022-12-07,149.2449951171875
2022-12-08,138.89300537109375
2022-12-09,139.11300659179688
2022-12-12,136.58999633789062
2022-12-13,137.5290069580078
2022-12-14,131.51100158691406
2022-12-15,134.76699829101562
2022-12-16,115.45099639892578
2022-12-19,108.54299926757812
2022-12-20,105.68800354003906
2022-12-21,97.7519989013672
2022-12-22,91.93800354003906
2022-12-23,82.97699737548828
2022-12-27,80.04299926757812
2022-12-28,81.35099792480469
2022-12-29,83.83000183105469
2022-12-30,76.31500244140625
2023-01-03,72.31400299072266
2023-01-04,65.02200317382812
2023-01-05,72.4219970703125
2023-01-06,69.53399658203125
2023-01-09,74.302001953125
2023-01-10,70.07099914550781
2023-01-11,65.34600067138672
2023-01-12,66.80899810791016
2023-01-13,64.81199645996094
2023-01-17,60.06100082397461
2023-01-18,61.70899963378906
2023-01-19,60.71699905395508
2023-01-20,66.89800262451172
2023-01-23,65.9990005493164
2023-01-24,58.26900100708008
2023-01-25,56.65999984741211
2023-01-26,54.81499862670898
2023-01-27,55.42499923706055
2023-01-30,55.15599822998047
2023-01-31,57.35200119018555
2023-02-01,59.527000427246094
2023-02-02,57.040000915527344
2023-02-03,57.88899993896485
2023-02-06,58.10900115966797
2023-02-07,55.40299987792969
2023-02-08,53.6870002746582
2023-02-09,52.73400115966797
2023-02-10,53.946998596191406
2023-02-13,51.70700073242188
2023-02-14,52.38600158691406
2023-02-15,54.71599960327149
2023-02-16,52.01100158691406
2023-02-17,49.047000885009766
2023-02-21,48.54199981689453
2023-02-22,50.56800079345703
2023-02-23,50.77999877929688
2023-02-24,51.01300048828125
2023-02-27,47.29899978637695
2023-02-28,46.665000915527344
2023-03-01,47.08399963378906
2023-03-02,46.81499862670898
2023-03-03,44.97999954223633
2023-03-06,42.14899826049805
2023-03-07,43.369998931884766
2023-03-08,42.3390007019043
2023-03-09,43.5989990234375
2023-03-10,52.85699844360352
2023-03-13,49.58399963378906
2023-03-14,44.185001373291016
2023-03-15,42.90499877929688
2023-03-16,44.34099960327149
2023-03-17,42.85699844360352
2023-03-20,39.32500076293945
2023-03-21,42.400001525878906
2023-03-22,39.97499847412109
2023-03-23,43.18600082397461
2023-03-24,41.09400177001953
2023-03-27,42.52799987792969
2023-03-28,42.75199890136719
2023-03-29,42.803001403808594
2023-03-30,43.60900115966797
2023-03-31,47.845001220703125
2023-04-03,51.367000579833984
2023-04-04,46.56800079345703
2023-04-05,44.57500076293945
2023-04-06,43.125
2023-04-10,43.125
2023-04-11,43.69200134277344
2023-04-12,42.880001068115234
2023-04-13,42.09299850463867
2023-04-14,41.14899826049805
2023-04-17,41.12699890136719
2023-04-18,42.72200012207031
2023-04-19,40.29800033569336
2023-04-20,40.56499862670898
2023-04-21,40.16400146484375
2023-04-24,39.92499923706055
2023-04-25,39.83300018310547
2023-04-26,38.55099868774414
2023-04-27,39.03900146484375
2023-04-28,38.53799819946289
2023-05-01,38.83399963378906
2023-05-02,37.52899932861328
2023-05-03,36.78200149536133
2023-05-04,35.65299987792969
2023-05-05,36.57400131225586
2023-05-08,36.874000549316406
2023-05-09,35.95000076293945
2023-05-10,34.99300003051758
2023-05-11,34.99300003051758
2023-05-12,32.766998291015625
2023-05-15,32.31399917602539
2023-05-16,31.82099914550781
2023-05-17,31.952999114990234
2023-05-18,29.78499984741211
2023-05-19,30.176000595092773
2023-05-22,29.711000442504883
2023-05-23,29.12700080871582
2023-05-24,27.78499984741211
2023-05-25,25.45199966430664
2023-05-26,24.520000457763672
2023-05-30,24.68099975585937
2023-05-31,26.851999282836918
2023-06-01,23.10300064086914
2023-06-02,23.68899917602539
2023-06-05,28.47800064086914
2023-06-06,24.86000061035156
2023-06-07,26.33099937438965
2023-06-08,26.94499969482422
2023-06-09,32.04899978637695
2023-06-12,31.035999298095703
2023-06-13,36.05099868774414
2023-06-14,38.3120002746582
2023-06-15,41.14500045776367
2023-06-16,35.007999420166016
2023-06-20,38.70800018310547
2023-06-21,36.74300003051758
2023-06-22,34.09700012207031
2023-06-23,32.50699996948242
2023-06-26,31.975000381469727
2023-06-27,34.50600051879883
2023-06-28,34.125
2023-06-29,35.18000030517578
2023-06-30,37.10300064086914
2023-07-03,33.92900085449219
2023-07-05,34.37300109863281
2023-07-06,32.347999572753906
2023-07-07,33.47800064086914
2023-07-10,30.226999282836918
2023-07-11,29.06100082397461
2023-07-12,26.638999938964844
2023-07-13,26.60700035095215
2023-07-14,25.957000732421875
2023-07-17,25.10099983215332
2023-07-18,27.069000244140625
2023-07-19,26.96299934387207
2023-07-20,28.01799964904785
2023-07-21,28.16399955749512
2023-07-24,30.55699920654297
2023-07-25,32.64799880981445
2023-07-26,29.274999618530277
2023-07-27,28.43400001525879
2023-07-28,25.840999603271484
2023-07-31,28.36599922180176
2023-08-01,27.12299919128418
2023-08-02,28.742000579833984
2023-08-03,30.472999572753903
2023-08-04,28.85300064086914
2023-08-07,30.48699951171875
2023-08-08,31.06599998474121
2023-08-09,39.823001861572266
2023-08-10,37.055999755859375
2023-08-11,35.29999923706055
2023-08-14,34.43399810791016
2023-08-15,38.8129997253418
2023-08-16,37.78400039672852
2023-08-17,36.82500076293945
2023-08-18,36.40999984741211
2023-08-21,40.78200149536133
2023-08-22,42.90800094604492
2023-08-23,36.7859992980957
2023-08-24,31.9379997253418
2023-08-25,34.777000427246094
2023-08-28,38.41400146484375
2023-08-29,35.19499969482422
2023-08-30,35.992000579833984
2023-08-31,35.02899932861328
2023-09-01,35.617000579833984
2023-09-05,34.44900131225586
2023-09-06,31.075000762939453
2023-09-07,32.755001068115234
2023-09-08,34.507999420166016
2023-09-11,35.847999572753906
2023-09-12,34.70100021362305
2023-09-13,36.81700134277344
2023-09-14,35.520999908447266
2023-09-15,36.483001708984375
2023-09-18,34.474998474121094
2023-09-19,36.78200149536133
2023-09-20,37.28400039672852
2023-09-21,39.10499954223633
2023-09-22,39.79100036621094
2023-09-25,44.44200134277344
2023-09-26,40.321998596191406
2023-09-27,39.29600143432617
2023-09-28,39.73600006103516
2023-09-29,41.85900115966797
2023-10-02,39.334999084472656
2023-10-03,36.98699951171875
2023-10-04,38.44100189208984
2023-10-05,36.20700073242188
2023-10-06,38.23099899291992
2023-10-09,43.95299911499024
2023-10-10,49.45500183105469
2023-10-11,46.06800079345703
2023-10-12,53.00199890136719
2023-10-13,53.98199844360352
2023-10-16,48.46699905395508
2023-10-17,48.89599990844727
2023-10-18,50.83300018310547
2023-10-19,50.172000885009766
2023-10-20,51.11199951171875
2023-10-23,51.2760009765625
2023-10-24,49.26399993896485
2023-10-25,49.92399978637695
2023-10-26,50.80899810791016
2023-10-27,50.53200149536133
2023-10-30,50.547000885009766
2023-10-31,48.00600051879883
2023-11-01,47.75699996948242
2023-11-02,48.56399917602539
2023-11-03,48.05699920654297
2023-11-06,44.83200073242188
2023-11-07,46.05699920654297
2023-11-08,45.777000427246094
2023-11-09,48.12900161743164
2023-11-10,46.63199996948242
2023-11-13,47.87300109863281
2023-11-14,47.608001708984375
2023-11-15,47.0369987487793
2023-11-16,45.8489990234375
2023-11-17,45.06399917602539
2023-11-20,45.82099914550781
2023-11-21,44.06499862670898
2023-11-22,44.61600112915039
2023-11-23,46.58000183105469
2023-11-24,46.65700149536133
2023-11-27,43.98400115966797
2023-11-28,42.77399826049805
2023-11-29,40.36000061035156
2023-11-30,42.09099960327149
2023-12-01,43.49599838256836
2023-12-04,40.104000091552734
2023-12-05,38.132999420166016
2023-12-06,39.3129997253418
2023-12-07,39.96799850463867
2023-12-08,38.59799957275391
2023-12-11,36.11800003051758
2023-12-12,34.702999114990234
2023-12-13,35.8120002746582
2023-12-14,34.849998474121094
2023-12-15,33.18899917602539
2023-12-18,35.52199935913086
2023-12-19,32.56800079345703
2023-12-20,33.520999908447266
2023-12-21,34.202999114990234
2023-12-22,34.17399978637695
2023-12-26,34.17399978637695
2023-12-27,35.51300048828125
2023-12-28,33.10499954223633
2023-12-29,32.349998474121094
2024-01-02,30.57200050354004
2024-01-03,32.79499816894531
2024-01-04,33.40999984741211
2024-01-05,34.55099868774414
2024-01-08,31.57999992370605
2024-01-09,30.641000747680664
2024-01-10,30.941999435424805
2024-01-11,30.816999435424805
2024-01-12,31.99099922180176
2024-01-16,29.6560001373291
2024-01-17,27.70800018310547
2024-01-18,27.89299964904785
2024-01-19,28.429000854492188
2024-01-22,27.263999938964844
2024-01-23,27.226999282836918
2024-01-24,28.929000854492188
2024-01-25,27.78400039672852
2024-01-26,28.07900047302246
2024-01-29,28.173999786376957
2024-01-30,29.391000747680664
2024-01-31,30.23500061035156
2024-02-01,28.99099922180176
2024-02-02,29.304000854492188
2024-02-05,28.340999603271484
2024-02-06,28.60700035095215
2024-02-07,28.18600082397461
2024-02-08,27.812000274658203
2024-02-09,27.117000579833984
2024-02-12,25.72900009155273
2024-02-13,25.43600082397461
2024-02-14,24.85700035095215
2024-02-15,24.965999603271484
2024-02-16,24.82200050354004
2024-02-20,24.167999267578125
2024-02-21,23.976999282836918
2024-02-22,23.19300079345703
2024-02-23,22.93400001525879
2024-02-26,24.00900077819824
2024-02-27,24.392000198364254
2024-02-28,25.61899948120117
2024-02-29,24.864999771118164
2024-03-01,25.80900001525879
2024-03-04,26.88500022888184
2024-03-05,27.468000411987305
2024-03-06,26.57200050354004
2024-03-07,25.992000579833984
2024-03-08,26.392000198364254
2024-03-11,24.93000030517578
2024-03-12,24.774999618530277
2024-03-13,24.902999877929688
2024-03-14,26.048999786376957
2024-03-15,27.025999069213867
2024-03-18,28.82200050354004
2024-03-19,28.86599922180176
2024-03-20,27.742000579833984
2024-03-21,26.402000427246094
2024-03-22,27.775999069213867
2024-03-25,28.48900032043457
2024-03-26,27.131999969482425
2024-03-27,27.687000274658203
2024-03-28,27.34000015258789
2024-04-02,26.202999114990234
2024-04-03,25.5629997253418
2024-04-04,26.20599937438965
2024-04-05,26.606000900268555
2024-04-08,27.90800094604492
2024-04-09,27.35099983215332
2024-04-10,27.100000381469727
2024-04-11,29.37700080871582
2024-04-12,30.73200035095215
2024-04-15,31.14299964904785
2024-04-16,33.138999938964844
2024-04-17,31.28899955749512
2024-04-18,32.30899810791016
2024-04-19,30.757999420166016
2024-04-22,29.309999465942383
2024-04-23,28.41699981689453
2024-04-24,29.01799964904785
2024-04-25,29.770999908447266
2024-04-26,28.88599967956543
2024-04-29,27.99399948120117
2024-04-30,29.118000030517575
2024-05-01,28.729999542236328
2024-05-02,30.913000106811523
2024-05-03,30.527999877929688
2024-05-06,31.801000595092773
2024-05-07,31.066999435424805
2024-05-08,30.608999252319336
2024-05-09,30.864999771118164
2024-05-10,30.02899932861328
2024-05-13,29.577999114990234
2024-05-14,29.66900062561035
2024-05-15,29.733999252319336
2024-05-16,30.24799919128418
2024-05-17,30.768999099731445
2024-05-20,31.76799964904785
2024-05-21,33.00400161743164
2024-05-22,34.388999938964844
2024-05-23,35.22800064086914
2024-05-24,34.1150016784668
2024-05-28,33.53400039672852
2024-05-29,33.87900161743164
2024-05-30,35.19200134277344
2024-05-31,34.222999572753906
2024-06-03,36.013999938964844
2024-06-04,33.797000885009766
2024-06-05,33.35499954223633
2024-06-06,33.68600082397461
2024-06-07,33.10900115966797
2024-06-10,34.257999420166016
2024-06-11,34.28499984741211
2024-06-12,35.29399871826172
2024-06-13,35.7239990234375
2024-06-14,35.36000061035156
2024-06-17,34.209999084472656
2024-06-18,34.70000076293945
2024-06-20,34.4640007019043
2024-06-21,33.93600082397461
2024-06-24,34.08000183105469
2024-06-25,34.85300064086914
2024-06-26,33.82400131225586
2024-06-27,34.564998626708984
2024-06-28,34.47999954223633
2024-07-01,33.48500061035156
2024-07-02,33.685001373291016
2024-07-03,32.691001892089844
2024-07-05,33.06700134277344
2024-07-08,32.2859992980957
2024-07-09,31.334999084472656
2024-07-10,30.78400039672852
2024-07-11,31.11199951171875
2024-07-12,31.7189998626709
2024-07-15,31.371000289916992
2024-07-16,32.797000885009766
2024-07-17,31.89299964904785
2024-07-18,32.67399978637695
2024-07-19,32.16999816894531
2024-07-22,31.839000701904297
2024-07-23,31.621999740600582
2024-07-24,32.62099838256836
2024-07-25,31.77899932861328
2024-07-26,32.474998474121094
2024-07-29,33.87300109863281
2024-07-30,34.36100006103516
2024-07-31,35.86800003051758
2024-08-01,36.96900177001953
2024-08-02,36.64899826049805
2024-08-05,35.49800109863281
2024-08-06,36.67599868774414
2024-08-07,38.45100021362305
2024-08-08,40.095001220703125
2024-08-09,40.39599990844727
2024-08-12,39.65800094604492
2024-08-13,39.47999954223633
2024-08-14,38.96699905395508
2024-08-15,39.60100173950195
2024-08-16,39.64400100708008
2024-08-19,39.845001220703125
2024-08-20,37.95700073242188
2024-08-21,37.0099983215332
2024-08-22,36.58700180053711
2024-08-23,36.86299896240234
2024-08-26,37.65599822998047
2024-08-27,38.68899917602539
2024-08-28,38.52000045776367
2024-08-29,38.60100173950195
2024-08-30,39.823001861572266
2024-09-03,37.19300079345703
2024-09-04,35.79800033569336
2024-09-05,36.19499969482422
2024-09-06,36.479000091552734
2024-09-09,37.33300018310547
2024-09-10,35.28200149536133
2024-09-11,36.141998291015625
2024-09-12,35.191001892089844
2024-09-13,35.64799880981445
2024-09-16,34.08100128173828
2024-09-17,35.547000885009766
2024-09-18,35.244998931884766
2024-09-19,33.08300018310547
2024-09-20,34.444000244140625
2024-09-23,36.21099853515625
2024-09-24,35.41299819946289
2024-09-25,37.31900024414063
2024-09-26,37.88999938964844
2024-09-27,38.11399841308594
2024-09-30,39.04399871826172
2024-10-01,39.27299880981445
2024-10-02,38.617000579833984
2024-10-03,39.9119987487793
2024-10-04,40.97999954223633
2024-10-07,40.24399948120117
2024-10-08,38.91899871826172
2024-10-09,38.34099960327149
2024-10-10,40.292999267578125
2024-10-11,39.87900161743164
2024-10-14,40.55899810791016
2024-10-15,39.97299957275391
2024-10-16,39.24100112915039
2024-10-17,39.650001525878906
2024-10-18,39.20399856567383
2024-10-21,40.02399826049805
2024-10-22,40.70399856567383
2024-10-23,41.380001068115234
2024-10-24,42.15399932861328
2024-10-25,43.51300048828125
2024-10-28,42.51900100708008
2024-10-29,42.86899948120117
2024-10-30,40.90299987792969
2024-10-31,40.5880012512207
2024-11-01,39.17499923706055
2024-11-04,40.30099868774414
2024-11-05,40.492000579833984
2024-11-06,40.38800048828125
2024-11-07,41.2760009765625
2024-11-08,42.40900039672852
2024-11-11,43.72800064086914
2024-11-12,44.255001068115234
2024-11-13,43.66600036621094
2024-11-14,46.2239990234375
2024-11-15,46.55099868774414
2024-11-18,46.900001525878906
2024-11-19,45.667999267578125
2024-11-20,46.79600143432617
2024-11-21,48.303001403808594
2024-11-22,47.01800155639648
2024-11-25,47.733001708984375
2024-11-26,47.21599960327149
2024-11-27,46.762001037597656
2024-11-29,47.81100082397461
2024-12-02,48.65499877929688
2024-12-03,48.55699920654297
2024-12-04,47.04600143432617
2024-12-05,46.55099868774414
2024-12-06,46.47999954223633
2024-12-09,44.85499954223633
2024-12-10,45.55199813842773
2024-12-11,44.69400024414063
2024-12-12,42.80400085449219
2024-12-13,41.21500015258789
2024-12-16,40.277000427246094
2024-12-17,42.06499862670898
2024-12-18,41.00699996948242
2024-12-19,43.07799911499024
2024-12-20,44.130001068115234
2024-12-23,45.54499816894531
2024-12-24,45.73099899291992
2024-12-26,45.73099899291992
2024-12-27,47.73099899291992
2024-12-30,47.632999420166016
