date,volume
01/01/2018,525933
02/01/2018,546886
03/01/2018,1264724
04/01/2018,473563
05/01/2018,497547
06/01/2018,559747
07/01/2018,353109
08/01/2018,889187
09/01/2018,655864
10/01/2018,328946
11/01/2018,414570
12/01/2018,392456
13/01/2018,924796
14/01/2018,209678
15/01/2018,244020
16/01/2018,744509
17/01/2018,342276
18/01/2018,550417
19/01/2018,241450
20/01/2018,308389
21/01/2018,357629
22/01/2018,142589
23/01/2018,341893
24/01/2018,624840
25/01/2018,466620
26/01/2018,291177
27/01/2018,527976
28/01/2018,734668
29/01/2018,318949
30/01/2018,372310
31/01/2018,577147
01/02/2018,791773
02/02/2018,349293
03/02/2018,478389
04/02/2018,382542
05/02/2018,266257
06/02/2018,512492
07/02/2018,586977
08/02/2018,620555
09/02/2018,600147
10/02/2018,497056
11/02/2018,330921
12/02/2018,451283
13/02/2018,400086
14/02/2018,482955
15/02/2018,1009311
16/02/2018,226202
17/02/2018,340179
18/02/2018,542048
19/02/2018,607486
20/02/2018,576591
21/02/2018,509902
22/02/2018,491874
23/02/2018,589485
24/02/2018,636797
25/02/2018,204736
26/02/2018,641687
27/02/2018,669691
28/02/2018,424552
01/03/2018,907608
02/03/2018,727105
03/03/2018,646937
04/03/2018,792322
05/03/2018,591760
06/03/2018,471254
07/03/2018,304707
08/03/2018,660814
09/03/2018,429643
10/03/2018,360109
11/03/2018,433014
12/03/2018,437070
13/03/2018,1867772
14/03/2018,720929
15/03/2018,809916
16/03/2018,796260
17/03/2018,652982
18/03/2018,498112
19/03/2018,555210
20/03/2018,873393
21/03/2018,518313
22/03/2018,464597
23/03/2018,516539
24/03/2018,383992
25/03/2018,618191
26/03/2018,667295
27/03/2018,641082
28/03/2018,725408
29/03/2018,616275
30/03/2018,867920
31/03/2018,844003
01/04/2018,718417
02/04/2018,656552
03/04/2018,1157820
04/04/2018,454107
05/04/2018,307775
06/04/2018,265452
07/04/2018,519000
08/04/2018,355958
09/04/2018,735647
10/04/2018,653642
11/04/2018,1012470
12/04/2018,1106561
13/04/2018,332333
14/04/2018,317468
15/04/2018,498802
16/04/2018,466137
17/04/2018,565990
18/04/2018,906391
19/04/2018,925734
20/04/2018,606321
21/04/2018,330145
22/04/2018,643496
23/04/2018,396928
24/04/2018,638499
25/04/2018,921505
26/04/2018,329457
27/04/2018,391378
28/04/2018,231863
29/04/2018,515075
30/04/2018,3045526
01/05/2018,540234
02/05/2018,718954
03/05/2018,347628
04/05/2018,240925
05/05/2018,507934
06/05/2018,527182
07/05/2018,557496
08/05/2018,731321
09/05/2018,582486
10/05/2018,373136
11/05/2018,464972
12/05/2018,474608
13/05/2018,724238
14/05/2018,883335
15/05/2018,555299
16/05/2018,635709
17/05/2018,579780
18/05/2018,777316
19/05/2018,377637
20/05/2018,572420
21/05/2018,659081
22/05/2018,437576
23/05/2018,901847
24/05/2018,792532
25/05/2018,372917
26/05/2018,655371
27/05/2018,670473
28/05/2018,865717
29/05/2018,1235959
30/05/2018,542259
31/05/2018,494726
01/06/2018,602880
02/06/2018,227253
03/06/2018,303370
04/06/2018,272472
05/06/2018,858922
06/06/2018,411082
07/06/2018,725185
08/06/2018,1197005
09/06/2018,363365
10/06/2018,226713
11/06/2018,206321
12/06/2018,562647
13/06/2018,408213
14/06/2018,520862
15/06/2018,346266
16/06/2018,372430
17/06/2018,470917
18/06/2018,851408
19/06/2018,506429
20/06/2018,1395689
21/06/2018,509443
22/06/2018,445587
23/06/2018,328282
24/06/2018,334396
25/06/2018,727066
26/06/2018,268749
27/06/2018,237115
28/06/2018,326798
29/06/2018,384323
30/06/2018,344761
01/07/2018,1088198
02/07/2018,764623
03/07/2018,717731
04/07/2018,394010
05/07/2018,821677
06/07/2018,931994
07/07/2018,1045191
08/07/2018,456371
09/07/2018,1236149
10/07/2018,290956
11/07/2018,314399
12/07/2018,500968
13/07/2018,480493
14/07/2018,203010
15/07/2018,466416
16/07/2018,534389
17/07/2018,216059
18/07/2018,952905
19/07/2018,360907
20/07/2018,239558
21/07/2018,428503
22/07/2018,468641
23/07/2018,636162
24/07/2018,670192
25/07/2018,545176
26/07/2018,600733
27/07/2018,853294
28/07/2018,624436
29/07/2018,544467
30/07/2018,397368
31/07/2018,316153
01/08/2018,323836
02/08/2018,528916
03/08/2018,1549524
04/08/2018,949757
05/08/2018,357489
06/08/2018,430210
07/08/2018,508276
08/08/2018,436025
09/08/2018,369305
10/08/2018,508966
11/08/2018,590023
12/08/2018,533655
13/08/2018,600385
14/08/2018,433634
15/08/2018,462467
16/08/2018,291156
17/08/2018,836516
18/08/2018,364978
19/08/2018,629260
20/08/2018,785102
21/08/2018,721325
22/08/2018,718380
23/08/2018,628195
24/08/2018,898029
25/08/2018,623344
26/08/2018,1001475
27/08/2018,588991
28/08/2018,734377
29/08/2018,649204
30/08/2018,696944
31/08/2018,638223
01/09/2018,246686
02/09/2018,323965
03/09/2018,1708309
04/09/2018,835915
05/09/2018,810229
06/09/2018,970721
07/09/2018,1037585
08/09/2018,593100
09/09/2018,653474
10/09/2018,339395
11/09/2018,585551
12/09/2018,511482
13/09/2018,401789
14/09/2018,309540
15/09/2018,478683
16/09/2018,539910
17/09/2018,504887
18/09/2018,368431
19/09/2018,533457
20/09/2018,1028416
21/09/2018,655226
22/09/2018,797549
23/09/2018,519412
24/09/2018,832186
25/09/2018,716601
26/09/2018,700114
27/09/2018,1107069
28/09/2018,607133
29/09/2018,831988
30/09/2018,572567
01/10/2018,559359
02/10/2018,920545
03/10/2018,571214
04/10/2018,503288
05/10/2018,349634
06/10/2018,634626
07/10/2018,574137
08/10/2018,678537
09/10/2018,791575
10/10/2018,717576
11/10/2018,871595
12/10/2018,677415
13/10/2018,778715
14/10/2018,1159452
15/10/2018,674516
16/10/2018,791873
17/10/2018,435060
18/10/2018,322237
19/10/2018,264959
20/10/2018,192379
21/10/2018,438805
22/10/2018,609456
23/10/2018,738144
24/10/2018,917468
25/10/2018,669403
26/10/2018,522608
27/10/2018,596397
28/10/2018,1390789
29/10/2018,1515833
30/10/2018,1343049
31/10/2018,797255
01/11/2018,754283
02/11/2018,814701
03/11/2018,394405
04/11/2018,619713
05/11/2018,807327
06/11/2018,451737
07/11/2018,399004
08/11/2018,599882
09/11/2018,541734
10/11/2018,535981
11/11/2018,457799
12/11/2018,712263
13/11/2018,601632
14/11/2018,366515
15/11/2018,429594
16/11/2018,790651
17/11/2018,351810
18/11/2018,503553
19/11/2018,668149
20/11/2018,597044
21/11/2018,1973482
22/11/2018,537109
23/11/2018,462406
24/11/2018,242158
25/11/2018,604805
26/11/2018,674007
27/11/2018,419974
28/11/2018,523289
29/11/2018,1029153
30/11/2018,406354
01/12/2018,805770
02/12/2018,1507841
03/12/2018,530040
04/12/2018,538304
05/12/2018,361952
06/12/2018,432806
07/12/2018,583313
08/12/2018,904653
09/12/2018,565511
10/12/2018,772196
11/12/2018,1408796
12/12/2018,717003
13/12/2018,549534
14/12/2018,638365
15/12/2018,648531
16/12/2018,1081290
17/12/2018,890304
18/12/2018,503136
19/12/2018,473824
20/12/2018,684928
21/12/2018,612436
22/12/2018,601236
23/12/2018,609279
24/12/2018,670164
25/12/2018,494070
26/12/2018,822374
27/12/2018,341651
28/12/2018,394307
29/12/2018,449083
30/12/2018,860866
31/12/2018,476174
01/01/2019,913926
02/01/2019,960825
03/01/2019,396635
04/01/2019,769557
05/01/2019,567914
06/01/2019,453613
07/01/2019,473712
08/01/2019,899038
09/01/2019,439663
10/01/2019,597419
11/01/2019,623265
12/01/2019,489829
13/01/2019,720777
14/01/2019,740552
15/01/2019,491893
16/01/2019,845469
17/01/2019,467574
18/01/2019,409858
19/01/2019,621693
20/01/2019,430513
21/01/2019,693632
22/01/2019,689076
23/01/2019,1301551
24/01/2019,781742
25/01/2019,573676
26/01/2019,825317
27/01/2019,696389
28/01/2019,465494
29/01/2019,667826
30/01/2019,860987
31/01/2019,1618901
01/02/2019,902387
02/02/2019,722083
03/02/2019,806672
04/02/2019,511878
05/02/2019,635570
06/02/2019,634590
07/02/2019,624208
08/02/2019,320064
09/02/2019,350086
10/02/2019,385658
11/02/2019,511748
12/02/2019,955536
13/02/2019,578507
14/02/2019,500368
15/02/2019,556698
16/02/2019,852200
17/02/2019,265659
18/02/2019,311328
19/02/2019,649882
20/02/2019,771896
21/02/2019,554718
22/02/2019,340643
23/02/2019,324537
24/02/2019,206251
25/02/2019,300183
26/02/2019,407444
27/02/2019,359193
28/02/2019,545781
01/03/2019,573045
02/03/2019,546128
03/03/2019,572356
04/03/2019,882284
05/03/2019,802700
06/03/2019,1144032
07/03/2019,459415
08/03/2019,902394
09/03/2019,851699
10/03/2019,588997
11/03/2019,285833
12/03/2019,435966
13/03/2019,785124
14/03/2019,558405
15/03/2019,532458
16/03/2019,500383
17/03/2019,1104311
18/03/2019,355930
19/03/2019,454980
20/03/2019,291831
21/03/2019,386952
22/03/2019,351664
23/03/2019,480090
24/03/2019,548213
25/03/2019,337659
26/03/2019,348155
27/03/2019,532510
28/03/2019,455673
29/03/2019,845772
30/03/2019,519277
31/03/2019,845069
01/04/2019,597148
02/04/2019,394645
03/04/2019,283809
04/04/2019,597079
05/04/2019,388640
06/04/2019,965785
07/04/2019,310975
08/04/2019,279699
09/04/2019,704967
10/04/2019,274550
11/04/2019,265306
12/04/2019,919238
13/04/2019,533035
14/04/2019,374654
15/04/2019,557759
16/04/2019,420966
17/04/2019,575292
18/04/2019,390358
19/04/2019,654831
20/04/2019,460997
21/04/2019,468354
22/04/2019,562455
23/04/2019,502582
24/04/2019,702565
25/04/2019,461370
26/04/2019,664627
27/04/2019,482919
28/04/2019,469985
29/04/2019,490089
30/04/2019,568757
01/05/2019,455003
02/05/2019,480328
03/05/2019,426742
04/05/2019,328296
05/05/2019,327173
06/05/2019,336386
07/05/2019,516987
08/05/2019,304329
09/05/2019,475218
10/05/2019,549378
11/05/2019,490283
12/05/2019,586801
13/05/2019,269661
14/05/2019,229190
15/05/2019,241653
16/05/2019,383315
17/05/2019,516042
18/05/2019,553633
19/05/2019,476015
20/05/2019,1532875
21/05/2019,628767
22/05/2019,292090
23/05/2019,623569
24/05/2019,483997
25/05/2019,358302
26/05/2019,1097979
27/05/2019,434627
28/05/2019,568983
29/05/2019,393766
30/05/2019,516166
31/05/2019,429241
01/06/2019,356809
02/06/2019,677719
03/06/2019,773269
04/06/2019,347083
05/06/2019,506642
06/06/2019,559712
07/06/2019,917708
08/06/2019,961460
09/06/2019,402547
10/06/2019,558054
11/06/2019,648615
12/06/2019,721413
13/06/2019,477598
14/06/2019,597486
15/06/2019,814981
16/06/2019,767281
17/06/2019,588804
18/06/2019,757429
19/06/2019,646779
20/06/2019,162180
21/06/2019,360179
22/06/2019,487089
23/06/2019,1057758
24/06/2019,810372
25/06/2019,1195718
26/06/2019,747707
27/06/2019,473925
28/06/2019,364084
29/06/2019,682836
30/06/2019,912476
01/07/2019,399626
02/07/2019,404037
03/07/2019,202105
04/07/2019,429757
05/07/2019,425759
06/07/2019,449174
07/07/2019,312418
08/07/2019,264179
09/07/2019,157409
10/07/2019,319672
11/07/2019,639661
12/07/2019,650271
13/07/2019,516906
14/07/2019,124673
15/07/2019,190892
16/07/2019,364299
17/07/2019,701640
18/07/2019,544925
19/07/2019,350401
20/07/2019,711023
21/07/2019,446510
22/07/2019,467367
23/07/2019,311472
24/07/2019,474710
25/07/2019,762378
26/07/2019,640083
27/07/2019,420075
28/07/2019,500774
29/07/2019,237347
30/07/2019,293835
31/07/2019,560204
01/08/2019,279284
02/08/2019,270966
03/08/2019,378885
04/08/2019,681554
05/08/2019,712746
06/08/2019,377238
07/08/2019,314233
08/08/2019,521363
09/08/2019,725560
10/08/2019,764004
11/08/2019,505038
12/08/2019,303646
13/08/2019,269167
14/08/2019,812886
15/08/2019,473191
16/08/2019,633796
17/08/2019,1007862
18/08/2019,736679
19/08/2019,481236
20/08/2019,633175
21/08/2019,401477
22/08/2019,503844
23/08/2019,541835
24/08/2019,435601
25/08/2019,565956
26/08/2019,567028
27/08/2019,896486
28/08/2019,639922
29/08/2019,714557
30/08/2019,221096
31/08/2019,911658
01/09/2019,250205
02/09/2019,368330
03/09/2019,405452
04/09/2019,605080
05/09/2019,417717
06/09/2019,560640
07/09/2019,224494
08/09/2019,404815
09/09/2019,742647
10/09/2019,312056
11/09/2019,600857
12/09/2019,463861
13/09/2019,519234
14/09/2019,364447
15/09/2019,425597
16/09/2019,604456
17/09/2019,562284
18/09/2019,344105
19/09/2019,400997
20/09/2019,290652
21/09/2019,591271
22/09/2019,520675
23/09/2019,460841
24/09/2019,541089
25/09/2019,340674
26/09/2019,329945
27/09/2019,627170
28/09/2019,543511
29/09/2019,420701
30/09/2019,897771
01/10/2019,508376
02/10/2019,377027
03/10/2019,839433
04/10/2019,646125
05/10/2019,406420
06/10/2019,454969
07/10/2019,576809
08/10/2019,705191
09/10/2019,601022
10/10/2019,437544
11/10/2019,615506
12/10/2019,808241
13/10/2019,847660
14/10/2019,453403
15/10/2019,620389
16/10/2019,465530
17/10/2019,564496
18/10/2019,440889
19/10/2019,454003
20/10/2019,214677
21/10/2019,494733
22/10/2019,375262
23/10/2019,329819
24/10/2019,489234
25/10/2019,295150
26/10/2019,660000
27/10/2019,572941
28/10/2019,425882
29/10/2019,466805
30/10/2019,420154
31/10/2019,581880
01/11/2019,478044
02/11/2019,513076
03/11/2019,319372
04/11/2019,334637
05/11/2019,344003
06/11/2019,328705
07/11/2019,571269
08/11/2019,398072
09/11/2019,195014
10/11/2019,297756
11/11/2019,768288
12/11/2019,801515
13/11/2019,670549
14/11/2019,627150
15/11/2019,760945
16/11/2019,530147
17/11/2019,510506
18/11/2019,562908
19/11/2019,717007
20/11/2019,498502
21/11/2019,714225
22/11/2019,811985
23/11/2019,1972019
24/11/2019,446107
25/11/2019,372530
26/11/2019,461954
27/11/2019,308872
28/11/2019,692956
29/11/2019,665927
30/11/2019,548975
01/12/2019,415506
02/12/2019,893786
03/12/2019,553918
04/12/2019,778464
05/12/2019,636989
06/12/2019,506951
07/12/2019,618114
08/12/2019,962752
09/12/2019,434700
10/12/2019,584960
11/12/2019,1023135
12/12/2019,378574
13/12/2019,1084854
14/12/2019,887150
15/12/2019,596170
16/12/2019,610269
17/12/2019,441720
18/12/2019,546830
19/12/2019,360271
20/12/2019,432757
21/12/2019,273026
22/12/2019,479025
23/12/2019,429015
24/12/2019,898803
25/12/2019,558445
26/12/2019,231901
27/12/2019,365789
28/12/2019,295858
29/12/2019,349006
30/12/2019,409316
31/12/2019,1609158
01/01/2020,861964
02/01/2020,353476
03/01/2020,460954
04/01/2020,468771
05/01/2020,389216
06/01/2020,357195
07/01/2020,497040
08/01/2020,399659
09/01/2020,363689
10/01/2020,644518
11/01/2020,242791
12/01/2020,572656
13/01/2020,474324
14/01/2020,581719
15/01/2020,604774
16/01/2020,372987
17/01/2020,563031
18/01/2020,787403
19/01/2020,484964
20/01/2020,348984
21/01/2020,744561
22/01/2020,1881734
23/01/2020,605512
24/01/2020,446124
25/01/2020,413927
26/01/2020,544021
27/01/2020,333603
28/01/2020,306089
29/01/2020,333449
30/01/2020,453125
31/01/2020,305836
01/02/2020,464742
02/02/2020,276580
03/02/2020,368372
04/02/2020,361795
05/02/2020,603275
06/02/2020,308225
07/02/2020,510314
08/02/2020,383091
09/02/2020,350391
10/02/2020,503477
11/02/2020,525719
12/02/2020,184343
13/02/2020,192853
14/02/2020,567782
15/02/2020,362082
16/02/2020,776834
17/02/2020,384494
18/02/2020,317371
19/02/2020,357108
20/02/2020,427244
21/02/2020,456942
22/02/2020,331857
23/02/2020,418248
24/02/2020,321764
25/02/2020,415970
26/02/2020,376694
27/02/2020,339435
28/02/2020,237508
29/02/2020,613646
01/03/2020,510103
02/03/2020,553131
03/03/2020,582875
04/03/2020,555016
05/03/2020,271989
06/03/2020,438593
07/03/2020,374383
08/03/2020,974592
09/03/2020,1043050
10/03/2020,799479
11/03/2020,759509
12/03/2020,739699
13/03/2020,370064
14/03/2020,680386
15/03/2020,1766404
16/03/2020,330553
17/03/2020,653518
18/03/2020,545023
19/03/2020,267554
20/03/2020,340662
21/03/2020,673392
22/03/2020,1417568
23/03/2020,438884
24/03/2020,277275
25/03/2020,561525
26/03/2020,268116
27/03/2020,358147
28/03/2020,451585
29/03/2020,218881
30/03/2020,254753
31/03/2020,403615
01/04/2020,419471
02/04/2020,477601
03/04/2020,285976
04/04/2020,663788
05/04/2020,796007
06/04/2020,397600
07/04/2020,385741
08/04/2020,281923
09/04/2020,503198
10/04/2020,326795
11/04/2020,379856
12/04/2020,621243
13/04/2020,457522
14/04/2020,583634
15/04/2020,293125
16/04/2020,291779
17/04/2020,275193
18/04/2020,519390
19/04/2020,406119
20/04/2020,438295
21/04/2020,577449
22/04/2020,504923
23/04/2020,405140
24/04/2020,286826
25/04/2020,244399
26/04/2020,281029
27/04/2020,479912
28/04/2020,719733
29/04/2020,541608
30/04/2020,488497
01/05/2020,514440
02/05/2020,458041
03/05/2020,809968
04/05/2020,672548
05/05/2020,211949
06/05/2020,288350
07/05/2020,447869
08/05/2020,374191
09/05/2020,284785
10/05/2020,801563
11/05/2020,693832
12/05/2020,375862
13/05/2020,415954
14/05/2020,413436
15/05/2020,206121
16/05/2020,724586
17/05/2020,529383
18/05/2020,446023
19/05/2020,368358
20/05/2020,278325
21/05/2020,370032
22/05/2020,795910
23/05/2020,317247
24/05/2020,1320431
25/05/2020,521229
26/05/2020,335646
27/05/2020,331181
28/05/2020,299873
29/05/2020,425457
30/05/2020,249638
31/05/2020,2408497
01/06/2020,585108
02/06/2020,887187
03/06/2020,277445
04/06/2020,1183789
05/06/2020,602275
06/06/2020,412233
07/06/2020,480347
08/06/2020,838434
09/06/2020,330051
10/06/2020,432648
11/06/2020,715044
12/06/2020,504875
13/06/2020,633277
14/06/2020,540988
15/06/2020,522824
16/06/2020,745652
17/06/2020,748256
18/06/2020,503522
19/06/2020,533548
20/06/2020,338468
21/06/2020,732166
22/06/2020,756763
23/06/2020,536383
24/06/2020,343950
25/06/2020,533728
26/06/2020,473610
27/06/2020,448305
28/06/2020,777880
29/06/2020,549241
30/06/2020,958586
01/07/2020,580548
02/07/2020,426063
03/07/2020,602017
04/07/2020,650952
05/07/2020,1061159
06/07/2020,346372
07/07/2020,446824
08/07/2020,394113
09/07/2020,573215
10/07/2020,698309
11/07/2020,217155
12/07/2020,452976
13/07/2020,477424
14/07/2020,312697
15/07/2020,328936
16/07/2020,503434
17/07/2020,359531
18/07/2020,654530
19/07/2020,372035
20/07/2020,321365
21/07/2020,323140
22/07/2020,524114
23/07/2020,369816
24/07/2020,407383
25/07/2020,520004
26/07/2020,475346
27/07/2020,625454
28/07/2020,384219
29/07/2020,362015
30/07/2020,408971
31/07/2020,347041
01/08/2020,234752
02/08/2020,375665
03/08/2020,475687
04/08/2020,475646
05/08/2020,666265
06/08/2020,422221
07/08/2020,430833
08/08/2020,595264
09/08/2020,265253
10/08/2020,723959
11/08/2020,406444
12/08/2020,370174
13/08/2020,483381
14/08/2020,389198
15/08/2020,367202
16/08/2020,495167
17/08/2020,601731
18/08/2020,432394
19/08/2020,401806
20/08/2020,800486
21/08/2020,704357
22/08/2020,406607
23/08/2020,716625
24/08/2020,594515
25/08/2020,428430
26/08/2020,492532
27/08/2020,876016
28/08/2020,771861
29/08/2020,395400
30/08/2020,405232
31/08/2020,329560
01/09/2020,977632
02/09/2020,502258
03/09/2020,333479
04/09/2020,609443
05/09/2020,546003
06/09/2020,455197
07/09/2020,437183
08/09/2020,547253
09/09/2020,621124
10/09/2020,604797
11/09/2020,466256
12/09/2020,629493
13/09/2020,781848
14/09/2020,351314
15/09/2020,1537287
16/09/2020,590480
17/09/2020,496012
18/09/2020,391279
19/09/2020,373950
20/09/2020,435700
21/09/2020,387916
22/09/2020,796240
23/09/2020,868972
24/09/2020,1076501
25/09/2020,564698
26/09/2020,459484
27/09/2020,541044
28/09/2020,537810
29/09/2020,739391
30/09/2020,446134
01/10/2020,293982
02/10/2020,581003
03/10/2020,376307
04/10/2020,838708
05/10/2020,855238
06/10/2020,649254
07/10/2020,513279
08/10/2020,409718
09/10/2020,544070
10/10/2020,933676
11/10/2020,386208
12/10/2020,561311
13/10/2020,765208
14/10/2020,756073
15/10/2020,530533
16/10/2020,490890
17/10/2020,416368
18/10/2020,878685
19/10/2020,274317
20/10/2020,653522
21/10/2020,508343
22/10/2020,606423
23/10/2020,814760
24/10/2020,563891
25/10/2020,867751
26/10/2020,631868
27/10/2020,572610
28/10/2020,741543
29/10/2020,343323
30/10/2020,378188
31/10/2020,765348
01/11/2020,705018
02/11/2020,379331
03/11/2020,738800
04/11/2020,743086
05/11/2020,524024
06/11/2020,481927
07/11/2020,377214
08/11/2020,223020
09/11/2020,274256
10/11/2020,282021
11/11/2020,395843
12/11/2020,389325
13/11/2020,410200
14/11/2020,210384
15/11/2020,440654
16/11/2020,584133
17/11/2020,449478
18/11/2020,487306
19/11/2020,566153
20/11/2020,327581
21/11/2020,525669
22/11/2020,491730
23/11/2020,502475
24/11/2020,502781
25/11/2020,571462
26/11/2020,412243
27/11/2020,338088
28/11/2020,493895
29/11/2020,394385
30/11/2020,493978
01/12/2020,406316
02/12/2020,734720
03/12/2020,428405
04/12/2020,739830
05/12/2020,820346
06/12/2020,366525
07/12/2020,1283787
08/12/2020,557986
09/12/2020,348025
10/12/2020,508640
11/12/2020,383221
12/12/2020,572770
13/12/2020,232882
14/12/2020,303052
15/12/2020,755005
16/12/2020,695994
17/12/2020,702179
18/12/2020,549187
19/12/2020,579039
20/12/2020,631194
21/12/2020,508283
22/12/2020,844724
23/12/2020,586801
24/12/2020,921767
25/12/2020,507690
26/12/2020,427546
27/12/2020,353411
28/12/2020,237041
29/12/2020,516464
30/12/2020,456159
01/01/2021,440576
02/01/2021,352749
03/01/2021,627080
04/01/2021,604672
05/01/2021,489239
06/01/2021,771676
07/01/2021,599242
08/01/2021,277281
09/01/2021,559179
10/01/2021,1083783
11/01/2021,736698
12/01/2021,729298
13/01/2021,906796
14/01/2021,411051
15/01/2021,535145
16/01/2021,217586
17/01/2021,423170
18/01/2021,479718
19/01/2021,318842
20/01/2021,313203
21/01/2021,619077
22/01/2021,546426
23/01/2021,723377
24/01/2021,809306
25/01/2021,941722
26/01/2021,690378
27/01/2021,1509473
28/01/2021,438366
29/01/2021,527253
30/01/2021,302275
31/01/2021,404129
01/02/2021,503005
02/02/2021,447134
03/02/2021,487168
04/02/2021,448397
05/02/2021,290261
06/02/2021,1046558
07/02/2021,308368
08/02/2021,1021170
09/02/2021,574314
10/02/2021,558415
11/02/2021,865760
12/02/2021,755141
13/02/2021,876496
14/02/2021,482148
15/02/2021,979197
16/02/2021,706845
17/02/2021,535543
18/02/2021,378215
19/02/2021,564196
20/02/2021,525072
21/02/2021,892228
22/02/2021,622190
23/02/2021,755737
24/02/2021,361285
25/02/2021,1239057
26/02/2021,299374
27/02/2021,539166
28/02/2021,890955
01/03/2021,462271
02/03/2021,156922
03/03/2021,626953
04/03/2021,394974
05/03/2021,315925
06/03/2021,592101
07/03/2021,611447
08/03/2021,924393
09/03/2021,652378
10/03/2021,214623
11/03/2021,1163310
12/03/2021,597108
13/03/2021,368831
14/03/2021,378021
15/03/2021,463184
16/03/2021,776658
17/03/2021,773794
18/03/2021,878045
19/03/2021,558398
20/03/2021,1164929
21/03/2021,668733
22/03/2021,880296
23/03/2021,405082
24/03/2021,1384074
25/03/2021,754698
26/03/2021,362246
27/03/2021,390897
28/03/2021,1890766
29/03/2021,532071
30/03/2021,327731
31/03/2021,306334
01/04/2021,893864
02/04/2021,1160397
03/04/2021,832447
04/04/2021,1256225
05/04/2021,808199
06/04/2021,1154082
07/04/2021,788943
08/04/2021,1632049
09/04/2021,856292
10/04/2021,597034
11/04/2021,657635
12/04/2021,490825
13/04/2021,734632
14/04/2021,870914
15/04/2021,439930
16/04/2021,838818
17/04/2021,634268
18/04/2021,943565
19/04/2021,531156
20/04/2021,625342
21/04/2021,503198
22/04/2021,359372
23/04/2021,348891
24/04/2021,482098
25/04/2021,530001
26/04/2021,595273
27/04/2021,510619
28/04/2021,678250
29/04/2021,1520342
30/04/2021,1423919
01/05/2021,676158
02/05/2021,1025791
03/05/2021,1801671
04/05/2021,415425
05/05/2021,677783
06/05/2021,776259
07/05/2021,485350
08/05/2021,440627
09/05/2021,763137
10/05/2021,1684644
11/05/2021,650563
12/05/2021,341989
13/05/2021,653393
14/05/2021,336938
15/05/2021,793827
16/05/2021,695774
17/05/2021,668503
18/05/2021,468181
19/05/2021,241306
20/05/2021,407515
21/05/2021,195226
22/05/2021,756687
23/05/2021,1770543
24/05/2021,1535966
25/05/2021,290127
26/05/2021,412769
27/05/2021,1058656
28/05/2021,360276
29/05/2021,259582
30/05/2021,861030
31/05/2021,521846
01/06/2021,354169
02/06/2021,695867
03/06/2021,727737
04/06/2021,505516
05/06/2021,498339
06/06/2021,303735
07/06/2021,248319
08/06/2021,310676
09/06/2021,425296
10/06/2021,396127
11/06/2021,438077
12/06/2021,548701
13/06/2021,537004
14/06/2021,341189
15/06/2021,770606
16/06/2021,318982
17/06/2021,768124
18/06/2021,1643171
19/06/2021,1154011
20/06/2021,959285
21/06/2021,360062
22/06/2021,847024
23/06/2021,612834
24/06/2021,1049204
25/06/2021,331094
26/06/2021,1286755
27/06/2021,1461810
28/06/2021,2752962
29/06/2021,484024
30/06/2021,424144
01/07/2021,336606
02/07/2021,409037
03/07/2021,555419
04/07/2021,779106
05/07/2021,450524
06/07/2021,1016987
07/07/2021,361749
08/07/2021,735944
09/07/2021,759603
10/07/2021,908842
11/07/2021,357011
12/07/2021,902531
13/07/2021,155023
14/07/2021,722570
15/07/2021,916727
16/07/2021,676994
17/07/2021,461744
18/07/2021,652133
19/07/2021,619722
20/07/2021,813777
21/07/2021,546558
22/07/2021,514892
23/07/2021,410775
24/07/2021,457458
25/07/2021,397375
26/07/2021,400568
27/07/2021,861958
28/07/2021,452730
29/07/2021,504922
30/07/2021,796526
31/07/2021,468057
01/08/2021,624346
02/08/2021,552263
03/08/2021,755673
04/08/2021,712682
05/08/2021,598572
06/08/2021,331695
07/08/2021,910889
08/08/2021,457240
09/08/2021,652148
10/08/2021,266563
11/08/2021,440308
12/08/2021,625596
13/08/2021,344787
14/08/2021,886117
15/08/2021,1029034
16/08/2021,1063351
17/08/2021,324950
18/08/2021,1841643
19/08/2021,436249
20/08/2021,389882
21/08/2021,556314
22/08/2021,643853
23/08/2021,436525
24/08/2021,230856
25/08/2021,327169
26/08/2021,469533
27/08/2021,305625
28/08/2021,502705
29/08/2021,844588
30/08/2021,412715
31/08/2021,322227
01/09/2021,581887
02/09/2021,453216
03/09/2021,511737
04/09/2021,871182
05/09/2021,315211
06/09/2021,829733
07/09/2021,593782
08/09/2021,384131
09/09/2021,1292355
10/09/2021,566588
11/09/2021,400299
12/09/2021,478466
13/09/2021,332972
14/09/2021,836250
15/09/2021,1011613
16/09/2021,418957
17/09/2021,176255
18/09/2021,568087
19/09/2021,315487
20/09/2021,543087
21/09/2021,603433
22/09/2021,538536
23/09/2021,556306
24/09/2021,900573
25/09/2021,695363
26/09/2021,376516
27/09/2021,400164
28/09/2021,804901
29/09/2021,532142
30/09/2021,788103
01/10/2021,415694
02/10/2021,549643
03/10/2021,1180934
04/10/2021,750850
05/10/2021,739101
06/10/2021,740567
07/10/2021,343171
08/10/2021,410059
09/10/2021,562417
10/10/2021,376879
11/10/2021,804384
12/10/2021,1261133
13/10/2021,916514
14/10/2021,1128559
15/10/2021,639126
16/10/2021,428868
17/10/2021,402814
18/10/2021,497794
19/10/2021,539869
20/10/2021,1786695
21/10/2021,954177
22/10/2021,572530
23/10/2021,268135
24/10/2021,630288
25/10/2021,729323
26/10/2021,547332
27/10/2021,666404
28/10/2021,437200
29/10/2021,357926
30/10/2021,727563
31/10/2021,664495
01/11/2021,606551
02/11/2021,607389
03/11/2021,414836
04/11/2021,410943
05/11/2021,720743
06/11/2021,334324
07/11/2021,905355
08/11/2021,887190
09/11/2021,502986
10/11/2021,834761
11/11/2021,386459
12/11/2021,587644
13/11/2021,675840
14/11/2021,442778
15/11/2021,850063
16/11/2021,699074
17/11/2021,771369
18/11/2021,1730901
19/11/2021,916844
20/11/2021,517359
21/11/2021,1252302
22/11/2021,560914
23/11/2021,813707
24/11/2021,422695
25/11/2021,715927
26/11/2021,847999
27/11/2021,973560
28/11/2021,467942
29/11/2021,903957
30/11/2021,534557
01/12/2021,456003
02/12/2021,616007
03/12/2021,696508
04/12/2021,709269
05/12/2021,649288
06/12/2021,444785
07/12/2021,825396
08/12/2021,818310
09/12/2021,771540
10/12/2021,749692
11/12/2021,617510
12/12/2021,668288
13/12/2021,649151
14/12/2021,748542
15/12/2021,593251
16/12/2021,220133
17/12/2021,354631
18/12/2021,576208
19/12/2021,874461
20/12/2021,594929
21/12/2021,952825
22/12/2021,461338
23/12/2021,1050748
24/12/2021,1076606
25/12/2021,716774
26/12/2021,247308
27/12/2021,866318
28/12/2021,638726
29/12/2021,705176
30/12/2021,715598
31/12/2021,295431
01/01/2022,494737
02/01/2022,488111
03/01/2022,895013
04/01/2022,928048
05/01/2022,531412
06/01/2022,1085659
07/01/2022,727315
08/01/2022,362828
09/01/2022,314828
10/01/2022,1931421
11/01/2022,307078
12/01/2022,333682
13/01/2022,911856
14/01/2022,910645
15/01/2022,783268
16/01/2022,726625
17/01/2022,649255
18/01/2022,506084
19/01/2022,664882
20/01/2022,756243
21/01/2022,937368
22/01/2022,1102594
23/01/2022,250745
24/01/2022,755334
25/01/2022,1159895
26/01/2022,849220
27/01/2022,664245
28/01/2022,2137923
29/01/2022,508987
30/01/2022,546154
31/01/2022,455442
01/02/2022,505199
02/02/2022,2128641
03/02/2022,476158
04/02/2022,413226
05/02/2022,873633
06/02/2022,745190
07/02/2022,1110104
08/02/2022,834579
09/02/2022,506375
10/02/2022,1406552
11/02/2022,712831
12/02/2022,1255307
13/02/2022,485424
14/02/2022,966619
15/02/2022,1617326
16/02/2022,1504988
17/02/2022,783459
18/02/2022,1106180
19/02/2022,733606
20/02/2022,709360
21/02/2022,1582494
22/02/2022,1052092
23/02/2022,644461
24/02/2022,3003629
25/02/2022,603072
26/02/2022,545255
27/02/2022,1217218
28/02/2022,839904
01/03/2022,993142
02/03/2022,495854
03/03/2022,587820
04/03/2022,348875
05/03/2022,462144
06/03/2022,2375325
07/03/2022,741028
08/03/2022,781938
09/03/2022,567831
10/03/2022,1462354
11/03/2022,1566103
12/03/2022,638675
13/03/2022,764851
14/03/2022,711891
15/03/2022,1143028
16/03/2022,1098136
17/03/2022,1327885
18/03/2022,744067
19/03/2022,940993
20/03/2022,1347494
21/03/2022,602965
22/03/2022,527417
23/03/2022,438912
24/03/2022,321955
25/03/2022,817216
26/03/2022,442374
27/03/2022,971086
28/03/2022,1310345
29/03/2022,873796
30/03/2022,1592814
31/03/2022,1050190
01/04/2022,1978496
02/04/2022,1161022
03/04/2022,1733290
04/04/2022,744571
05/04/2022,860552
06/04/2022,427577
07/04/2022,2619283
08/04/2022,885173
09/04/2022,1027103
10/04/2022,1061663
11/04/2022,619225
12/04/2022,749521
13/04/2022,1100876
14/04/2022,749294
15/04/2022,1111091
16/04/2022,1253054
17/04/2022,947411
18/04/2022,577178
19/04/2022,630422
20/04/2022,394750
21/04/2022,681365
22/04/2022,809245
23/04/2022,793401
24/04/2022,643553
25/04/2022,842755
26/04/2022,554290
27/04/2022,959169
28/04/2022,329290
29/04/2022,1012940
30/04/2022,718698
01/05/2022,703653
02/05/2022,204250
03/05/2022,381671
04/05/2022,679189
05/05/2022,870413
06/05/2022,539468
07/05/2022,886173
08/05/2022,219447
09/05/2022,477436
10/05/2022,948515
11/05/2022,811107
12/05/2022,374587
13/05/2022,779742
14/05/2022,831450
15/05/2022,754458
16/05/2022,747726
17/05/2022,1736805
18/05/2022,733496
19/05/2022,3840337
20/05/2022,1077567
21/05/2022,857070
22/05/2022,597102
23/05/2022,885724
24/05/2022,806551
25/05/2022,836230
26/05/2022,2391846
27/05/2022,701297
28/05/2022,1089256
29/05/2022,566076
30/05/2022,249795
31/05/2022,1335944
01/06/2022,341806
02/06/2022,527468
03/06/2022,778841
04/06/2022,898826
05/06/2022,1257178
06/06/2022,2092704
07/06/2022,391465
08/06/2022,945088
09/06/2022,463666
10/06/2022,672148
11/06/2022,606673
12/06/2022,1019774
13/06/2022,475201
14/06/2022,631136
15/06/2022,390929
16/06/2022,444543
17/06/2022,600982
18/06/2022,808537
19/06/2022,2584438
20/06/2022,666680
21/06/2022,844178
22/06/2022,600764
23/06/2022,1090163
24/06/2022,2181493
25/06/2022,568473
26/06/2022,547970
27/06/2022,2044590
28/06/2022,464609
29/06/2022,674477
30/06/2022,796311
01/07/2022,642380
02/07/2022,1089206
03/07/2022,390763
04/07/2022,813426
05/07/2022,360882
06/07/2022,1790079
07/07/2022,446298
08/07/2022,815479
09/07/2022,1087815
10/07/2022,798207
11/07/2022,1478826
12/07/2022,1261831
13/07/2022,842957
14/07/2022,1000556
15/07/2022,587231
16/07/2022,972421
17/07/2022,1000807
18/07/2022,1297365
19/07/2022,1169159
20/07/2022,775813
21/07/2022,1054386
22/07/2022,433734
23/07/2022,844906
24/07/2022,1556074
25/07/2022,612432
26/07/2022,760466
27/07/2022,754826
28/07/2022,917107
29/07/2022,1302507
30/07/2022,549425
31/07/2022,646203
01/08/2022,749891
02/08/2022,582749
03/08/2022,1096367
04/08/2022,2368416
05/08/2022,1241509
06/08/2022,528025
07/08/2022,901632
08/08/2022,475144
09/08/2022,495225
10/08/2022,321391
11/08/2022,554203
12/08/2022,436262
13/08/2022,700349
14/08/2022,689488
15/08/2022,969196
16/08/2022,840567
17/08/2022,704439
18/08/2022,698836
19/08/2022,473545
20/08/2022,449735
21/08/2022,995858
22/08/2022,625223
23/08/2022,778897
24/08/2022,628628
25/08/2022,695923
26/08/2022,1774527
27/08/2022,1048756
28/08/2022,687474
29/08/2022,633174
30/08/2022,763520
31/08/2022,683641
01/09/2022,533764
02/09/2022,824730
03/09/2022,1008881
04/09/2022,449979
05/09/2022,900082
06/09/2022,1611900
07/09/2022,870446
08/09/2022,1484938
09/09/2022,1203935
10/09/2022,418164
11/09/2022,368320
12/09/2022,977813
13/09/2022,1158331
14/09/2022,1060480
15/09/2022,915066
16/09/2022,815904
17/09/2022,1624112
18/09/2022,744634
19/09/2022,745280
20/09/2022,802272
21/09/2022,713416
22/09/2022,686722
23/09/2022,721170
24/09/2022,544578
25/09/2022,640293
26/09/2022,464351
27/09/2022,987542
28/09/2022,702952
29/09/2022,2030375
30/09/2022,1739860
01/10/2022,695395
02/10/2022,1027169
03/10/2022,654441
04/10/2022,1000437
05/10/2022,992548
06/10/2022,827065
07/10/2022,478151
08/10/2022,436116
09/10/2022,852119
10/10/2022,923595
11/10/2022,785534
12/10/2022,632622
13/10/2022,598713
14/10/2022,564510
15/10/2022,601979
16/10/2022,736130
17/10/2022,488678
18/10/2022,579713
19/10/2022,949726
20/10/2022,576967
21/10/2022,501999
22/10/2022,641803
23/10/2022,643417
24/10/2022,330462
25/10/2022,447569
26/10/2022,609359
27/10/2022,435912
28/10/2022,663432
29/10/2022,706991
30/10/2022,923365
31/10/2022,637528
01/11/2022,281937
02/11/2022,1107860
03/11/2022,877281
04/11/2022,1198941
05/11/2022,371315
06/11/2022,219413
07/11/2022,269206
08/11/2022,471225
09/11/2022,214478
10/11/2022,331703
11/11/2022,896582
12/11/2022,705508
13/11/2022,405095
14/11/2022,394980
15/11/2022,635512
16/11/2022,398718
17/11/2022,257649
18/11/2022,636121
19/11/2022,542031
20/11/2022,314990
21/11/2022,461248
22/11/2022,285516
23/11/2022,508566
24/11/2022,402165
25/11/2022,590128
26/11/2022,472956
27/11/2022,532020
28/11/2022,788939
29/11/2022,912580
30/11/2022,575365
01/12/2022,639082
02/12/2022,495581
03/12/2022,950197
04/12/2022,875819
05/12/2022,686453
06/12/2022,1012717
07/12/2022,573252
08/12/2022,1621360
09/12/2022,548435
10/12/2022,748238
11/12/2022,457361
12/12/2022,1300495
13/12/2022,800825
14/12/2022,659250
15/12/2022,511192
16/12/2022,763636
17/12/2022,1009937
18/12/2022,1025588
19/12/2022,539015
20/12/2022,122179
21/12/2022,292597
22/12/2022,608000
23/12/2022,329070
24/12/2022,501667
25/12/2022,563839
26/12/2022,550938
27/12/2022,557784
28/12/2022,243507
29/12/2022,161900
30/12/2022,164863
31/12/2022,379894
01/01/2023,652832
02/01/2023,1138978
03/01/2023,368493
04/01/2023,124914
05/01/2023,347452
06/01/2023,455253
07/01/2023,139590
08/01/2023,314819
09/01/2023,706255
10/01/2023,313669
11/01/2023,211724
12/01/2023,177285
13/01/2023,332657
14/01/2023,348693
15/01/2023,184004
16/01/2023,400280
17/01/2023,666031
18/01/2023,664657
19/01/2023,499191
20/01/2023,802419
21/01/2023,614704
22/01/2023,771242
23/01/2023,396028
24/01/2023,700150
25/01/2023,779011
26/01/2023,413298
27/01/2023,401679
28/01/2023,823615
29/01/2023,167680
30/01/2023,287443
31/01/2023,261556
01/02/2023,281966
02/02/2023,192511
03/02/2023,395143
04/02/2023,638308
05/02/2023,334636
06/02/2023,432736
07/02/2023,430574
08/02/2023,448454
09/02/2023,524511
10/02/2023,534337
11/02/2023,466352
12/02/2023,537372
13/02/2023,303571
14/02/2023,291842
15/02/2023,360882
16/02/2023,927641
17/02/2023,166631
18/02/2023,101966
19/02/2023,342235
20/02/2023,222547
21/02/2023,602959
22/02/2023,284384
23/02/2023,504867
24/02/2023,498473
25/02/2023,523058
26/02/2023,501790
27/02/2023,589216
28/02/2023,870788
01/03/2023,432553
02/03/2023,424787
03/03/2023,782070
04/03/2023,627777
05/03/2023,992045
06/03/2023,887741
07/03/2023,447420
08/03/2023,530741
09/03/2023,553137
10/03/2023,742359
11/03/2023,1115618
12/03/2023,151318
13/03/2023,401492
14/03/2023,1142225
15/03/2023,871721
16/03/2023,718404
17/03/2023,485130
18/03/2023,491900
19/03/2023,549228
20/03/2023,597077
21/03/2023,293395
22/03/2023,166271
23/03/2023,747812
24/03/2023,194462
25/03/2023,456421
26/03/2023,561617
27/03/2023,580475
28/03/2023,688789
29/03/2023,461192
30/03/2023,535990
31/03/2023,851469
01/04/2023,268530
02/04/2023,505017
03/04/2023,741868
04/04/2023,867904
05/04/2023,540269
06/04/2023,711335
07/04/2023,421017
08/04/2023,484512
09/04/2023,998091
10/04/2023,611532
11/04/2023,827607
12/04/2023,515748
13/04/2023,447844
14/04/2023,427069
15/04/2023,263671
16/04/2023,362755
17/04/2023,743667
18/04/2023,507596
19/04/2023,1749092
20/04/2023,357237
21/04/2023,618046
22/04/2023,863654
23/04/2023,649186
24/04/2023,363499
25/04/2023,371987
26/04/2023,544985
27/04/2023,492631
28/04/2023,592998
29/04/2023,499981
30/04/2023,919496
01/05/2023,328024
02/05/2023,706929
03/05/2023,791940
04/05/2023,425507
05/05/2023,1192422
06/05/2023,501788
07/05/2023,1128670
08/05/2023,565249
09/05/2023,754160
10/05/2023,354656
11/05/2023,508357
12/05/2023,970472
13/05/2023,615497
14/05/2023,344085
15/05/2023,655845
16/05/2023,616515
17/05/2023,542477
18/05/2023,995319
19/05/2023,493613
20/05/2023,647402
21/05/2023,1275530
22/05/2023,554110
23/05/2023,765970
24/05/2023,405562
25/05/2023,448865
26/05/2023,420347
27/05/2023,416708
28/05/2023,1811447
29/05/2023,634702
30/05/2023,690261
31/05/2023,350608
01/06/2023,763630
02/06/2023,985941
03/06/2023,191599
04/06/2023,228697
05/06/2023,482456
06/06/2023,426557
07/06/2023,338177
08/06/2023,403672
09/06/2023,177300
10/06/2023,280534
11/06/2023,333099
12/06/2023,511298
13/06/2023,656488
14/06/2023,397642
15/06/2023,574969
16/06/2023,483419
17/06/2023,542419
18/06/2023,810463
19/06/2023,1023017
20/06/2023,607123
21/06/2023,456147
22/06/2023,567594
23/06/2023,411511
24/06/2023,484545
25/06/2023,918180
26/06/2023,447955
27/06/2023,748451
28/06/2023,489857
29/06/2023,372983
30/06/2023,766639
01/07/2023,315543
02/07/2023,281793
03/07/2023,530124
04/07/2023,462447
05/07/2023,360063
06/07/2023,637383
07/07/2023,375662
08/07/2023,465483
09/07/2023,514032
10/07/2023,786465
11/07/2023,780277
12/07/2023,519261
13/07/2023,330815
14/07/2023,728744
15/07/2023,448922
16/07/2023,365125
17/07/2023,387533
18/07/2023,549579
19/07/2023,371490
20/07/2023,302283
21/07/2023,567304
22/07/2023,711599
23/07/2023,341556
24/07/2023,560012
25/07/2023,550336
26/07/2023,394842
27/07/2023,635165
28/07/2023,357748
29/07/2023,420898
30/07/2023,430452
31/07/2023,187528
01/08/2023,866665
02/08/2023,374604
03/08/2023,396522
04/08/2023,524928
05/08/2023,639524
06/08/2023,363111
07/08/2023,665320
08/08/2023,494090
09/08/2023,439638
10/08/2023,560877
11/08/2023,417032
12/08/2023,883308
13/08/2023,322935
14/08/2023,536480
15/08/2023,657809
16/08/2023,209481
17/08/2023,465328
18/08/2023,844058
19/08/2023,1697071
20/08/2023,479726
21/08/2023,1316305
22/08/2023,576661
23/08/2023,442544
24/08/2023,1679369
25/08/2023,906930
26/08/2023,379548
27/08/2023,887510
28/08/2023,347234
29/08/2023,406257
30/08/2023,608669
31/08/2023,472631
01/09/2023,518239
02/09/2023,373730
03/09/2023,526966
04/09/2023,385139
05/09/2023,814667
06/09/2023,411049
07/09/2023,444913
08/09/2023,880792
09/09/2023,433569
10/09/2023,369540
11/09/2023,403617
12/09/2023,495122
13/09/2023,681962
14/09/2023,837862
15/09/2023,386419
16/09/2023,489852
17/09/2023,508324
18/09/2023,435122
19/09/2023,529585
20/09/2023,443453
21/09/2023,1066463
22/09/2023,547778
23/09/2023,286675
24/09/2023,481026
25/09/2023,288251
26/09/2023,502257
27/09/2023,488791
28/09/2023,313836
29/09/2023,484590
30/09/2023,495179
01/10/2023,594299
02/10/2023,460090
03/10/2023,754593
04/10/2023,187803
05/10/2023,366984
06/10/2023,352150
07/10/2023,322967
08/10/2023,347190
09/10/2023,738401
10/10/2023,442819
11/10/2023,393666
12/10/2023,566924
13/10/2023,941258
14/10/2023,753893
15/10/2023,386897
16/10/2023,496310
17/10/2023,400807
18/10/2023,636627
19/10/2023,702317
20/10/2023,299157
21/10/2023,423046
22/10/2023,378660
23/10/2023,303840
24/10/2023,799824
25/10/2023,395011
26/10/2023,503782
27/10/2023,431643
28/10/2023,368606
29/10/2023,375687
30/10/2023,735293
31/10/2023,912234
01/11/2023,357886
02/11/2023,594503
03/11/2023,341169
04/11/2023,458716
05/11/2023,447307
06/11/2023,308239
07/11/2023,397731
08/11/2023,367546
09/11/2023,556698
10/11/2023,677715
11/11/2023,298996
12/11/2023,265311
13/11/2023,324577
14/11/2023,717717
15/11/2023,389036
16/11/2023,313249
17/11/2023,626432
18/11/2023,319559
19/11/2023,117922
20/11/2023,561331
21/11/2023,245913
22/11/2023,412339
23/11/2023,170150
24/11/2023,242215
25/11/2023,353140
26/11/2023,263419
27/11/2023,552791
28/11/2023,403323
29/11/2023,510662
30/11/2023,1483126
01/12/2023,543439
02/12/2023,312132
03/12/2023,599630
04/12/2023,343972
05/12/2023,617983
06/12/2023,480555
07/12/2023,504198
08/12/2023,415604
09/12/2023,127548
10/12/2023,286266
11/12/2023,328961
12/12/2023,508900
13/12/2023,313191
14/12/2023,347528
15/12/2023,407427
16/12/2023,457422
17/12/2023,238382
18/12/2023,205229
19/12/2023,373387
20/12/2023,295135
21/12/2023,311397
22/12/2023,325422
23/12/2023,271061
24/12/2023,346757
25/12/2023,403551
26/12/2023,492059
27/12/2023,358175
28/12/2023,380572
29/12/2023,318810
30/12/2023,256649
31/12/2023,163637
01/01/2024,1744841
02/01/2024,1792825
03/01/2024,348638
04/01/2024,333863
05/01/2024,436142
06/01/2024,313991
07/01/2024,301116
08/01/2024,594215
09/01/2024,879511
10/01/2024,960485
11/01/2024,981633
12/01/2024,610306
13/01/2024,666340
14/01/2024,361562
15/01/2024,581022
16/01/2024,848250
17/01/2024,440316
18/01/2024,476625
19/01/2024,633279
20/01/2024,419252
21/01/2024,221065
22/01/2024,389405
23/01/2024,769189
24/01/2024,489210
25/01/2024,617094
26/01/2024,304381
27/01/2024,645676
28/01/2024,292664
29/01/2024,456525
30/01/2024,485159
31/01/2024,625759
01/02/2024,268241
02/02/2024,95162
03/02/2024,183083
04/02/2024,134206
05/02/2024,205840
06/02/2024,364491
07/02/2024,571827
08/02/2024,630465
09/02/2024,543909
10/02/2024,404192
11/02/2024,449435
12/02/2024,397615
13/02/2024,489021
14/02/2024,205913
15/02/2024,323541
16/02/2024,333068
17/02/2024,485381
18/02/2024,339343
19/02/2024,434627
20/02/2024,280652
21/02/2024,164710
22/02/2024,443705
23/02/2024,382302
24/02/2024,384343
25/02/2024,547175
26/02/2024,511152
27/02/2024,1263530
28/02/2024,522701
29/02/2024,475219
01/03/2024,739204
02/03/2024,682937
03/03/2024,618415
04/03/2024,634347
05/03/2024,478462
06/03/2024,646889
07/03/2024,599270
08/03/2024,268856
09/03/2024,294611
10/03/2024,432700
11/03/2024,602237
12/03/2024,438345
13/03/2024,448304
14/03/2024,367512
15/03/2024,222106
16/03/2024,742211
17/03/2024,735221
18/03/2024,619414
19/03/2024,640755
20/03/2024,1095205
21/03/2024,1154734
22/03/2024,632405
23/03/2024,361254
24/03/2024,163752
25/03/2024,479774
26/03/2024,522341
27/03/2024,669098
28/03/2024,516329
29/03/2024,795719
30/03/2024,750628
31/03/2024,2911066
01/04/2024,713122
02/04/2024,348577
03/04/2024,713100
04/04/2024,597265
05/04/2024,661507
06/04/2024,639378
07/04/2024,2165828
08/04/2024,674579
09/04/2024,337489
10/04/2024,405005
11/04/2024,452873
12/04/2024,292823
13/04/2024,475001
14/04/2024,670091
15/04/2024,352624
16/04/2024,461990
17/04/2024,531450
18/04/2024,408234
19/04/2024,290317
20/04/2024,499590
21/04/2024,522999
22/04/2024,652182
23/04/2024,1042585
24/04/2024,493046
25/04/2024,810835
26/04/2024,1738578
27/04/2024,436930
28/04/2024,542975
29/04/2024,332769
30/04/2024,711636
01/05/2024,514845
02/05/2024,688415
03/05/2024,853051
04/05/2024,534742
05/05/2024,667170
06/05/2024,1190669
07/05/2024,907784
08/05/2024,634691
09/05/2024,658276
10/05/2024,693029
11/05/2024,878718
12/05/2024,2538102
13/05/2024,638520
14/05/2024,591208
15/05/2024,970872
16/05/2024,1980324
17/05/2024,561188
18/05/2024,417276
19/05/2024,688777
20/05/2024,693984
21/05/2024,635549
22/05/2024,1764747
23/05/2024,634980
24/05/2024,749940
25/05/2024,611048
26/05/2024,578566
27/05/2024,478755
28/05/2024,423191
29/05/2024,557181
30/05/2024,603927
31/05/2024,578545
01/06/2024,785345
02/06/2024,551141
03/06/2024,449426
04/06/2024,425948
05/06/2024,438438
06/06/2024,433888
07/06/2024,739178
08/06/2024,341174
09/06/2024,550329
10/06/2024,763198
11/06/2024,437588
12/06/2024,284786
13/06/2024,641490
14/06/2024,500853
15/06/2024,502812
16/06/2024,523959
17/06/2024,555686
18/06/2024,358414
19/06/2024,333956
20/06/2024,1865139
21/06/2024,1049176
22/06/2024,576902
23/06/2024,778338
24/06/2024,298568
25/06/2024,961022
26/06/2024,597163
27/06/2024,910329
28/06/2024,555283
29/06/2024,755148
30/06/2024,644125
01/07/2024,424045
02/07/2024,491021
03/07/2024,1001355
04/07/2024,603688
05/07/2024,515206
06/07/2024,381320
07/07/2024,379871
08/07/2024,474677
09/07/2024,991244
10/07/2024,342450
11/07/2024,454821
12/07/2024,848885
13/07/2024,520238
14/07/2024,504034
15/07/2024,1004975
16/07/2024,613116
17/07/2024,617416
18/07/2024,541953
19/07/2024,706269
20/07/2024,621740
21/07/2024,825645
22/07/2024,423810
23/07/2024,444172
24/07/2024,333321
25/07/2024,543778
26/07/2024,427103
27/07/2024,499138
28/07/2024,486732
29/07/2024,529816
30/07/2024,319924
31/07/2024,350658
01/08/2024,1062708
02/08/2024,294844
03/08/2024,385486
04/08/2024,615002
05/08/2024,682800
06/08/2024,196919
07/08/2024,534603
08/08/2024,644129
09/08/2024,383888
10/08/2024,1126740
11/08/2024,424489
12/08/2024,647792
13/08/2024,551698
14/08/2024,1098929
15/08/2024,641130
16/08/2024,649398
17/08/2024,391754
18/08/2024,497541
19/08/2024,593331
20/08/2024,304423
21/08/2024,524653
22/08/2024,703266
23/08/2024,456669
24/08/2024,931727
25/08/2024,296221
26/08/2024,594338
27/08/2024,367390
28/08/2024,483442
29/08/2024,693435
30/08/2024,605549
31/08/2024,607518
01/09/2024,698322
02/09/2024,375493
03/09/2024,580105
04/09/2024,304125
05/09/2024,907823
06/09/2024,834319
07/09/2024,834659
08/09/2024,885921
09/09/2024,586415
10/09/2024,763352
11/09/2024,713268
12/09/2024,908063
13/09/2024,386642
14/09/2024,428755
15/09/2024,324410
16/09/2024,500250
17/09/2024,395898
18/09/2024,782334
19/09/2024,378100
20/09/2024,380945
21/09/2024,395307
22/09/2024,687862
23/09/2024,1211514
24/09/2024,752109
25/09/2024,878465
26/09/2024,959446
27/09/2024,429847
28/09/2024,542104
29/09/2024,460179
30/09/2024,404669
01/10/2024,383735
02/10/2024,996932
03/10/2024,744041
04/10/2024,494401
05/10/2024,317094
06/10/2024,767851
07/10/2024,572269
08/10/2024,855496
09/10/2024,303479
10/10/2024,574170
11/10/2024,752912
12/10/2024,559123
13/10/2024,590691
14/10/2024,1889765
15/10/2024,726134
16/10/2024,734474
17/10/2024,683942
18/10/2024,812355
19/10/2024,585196
20/10/2024,853534
21/10/2024,1332475
22/10/2024,784549
23/10/2024,644755
24/10/2024,712643
25/10/2024,610321
26/10/2024,650885
27/10/2024,909035
28/10/2024,852159
29/10/2024,577992
30/10/2024,752642
31/10/2024,697001
01/11/2024,637676
02/11/2024,830478
03/11/2024,622891
04/11/2024,527508
05/11/2024,905285
06/11/2024,810251
07/11/2024,1185334
08/11/2024,4785096
09/11/2024,689392
10/11/2024,540569
11/11/2024,795437
12/11/2024,917422
13/11/2024,375360
14/11/2024,568034
15/11/2024,624836
16/11/2024,745144
17/11/2024,1247556
18/11/2024,959632
19/11/2024,597006
20/11/2024,896174
21/11/2024,865872
22/11/2024,1039759
23/11/2024,589289
24/11/2024,393076
25/11/2024,1105038
26/11/2024,1186504
27/11/2024,788787
28/11/2024,775129
29/11/2024,1171305
30/11/2024,764268
01/12/2024,1044677
02/12/2024,953222
03/12/2024,1161837
04/12/2024,1238989
05/12/2024,743129
06/12/2024,852878
07/12/2024,778188
08/12/2024,417494
09/12/2024,579379
10/12/2024,939303
11/12/2024,1582054
12/12/2024,632081
13/12/2024,1397183
14/12/2024,764551
15/12/2024,469609
16/12/2024,451227
17/12/2024,553859
18/12/2024,649427
19/12/2024,701448
20/12/2024,778997
21/12/2024,407470
22/12/2024,1039306
23/12/2024,1016087
24/12/2024,752156
25/12/2024,666260
26/12/2024,1137664
27/12/2024,734161
28/12/2024,528055
29/12/2024,927748
30/12/2024,564738
